SET FOREIGN_KEY_CHECKS=0;

DROP TABLE IF EXISTS `host1`;
DROP TABLE IF EXISTS `host2`;
DROP TABLE IF EXISTS `event`;
DROP TABLE IF EXISTS `performer`;
DROP TABLE IF EXISTS `venue1`;
DROP TABLE IF EXISTS `venue2`;
DROP TABLE IF EXISTS `eventcategory`;
DROP TABLE IF EXISTS `regularuser1`;
DROP TABLE IF EXISTS `regularuser2`;
DROP TABLE IF EXISTS `regularuser3`;
DROP TABLE IF EXISTS `ticket`;
DROP TABLE IF EXISTS `ticketvendor1`;
DROP TABLE IF EXISTS `ticketvendor2`;
DROP TABLE IF EXISTS `bookedat`;
DROP TABLE IF EXISTS `performsat`;
DROP TABLE IF EXISTS `iscategory`;
DROP TABLE IF EXISTS `isfor`;
DROP TABLE IF EXISTS `purchased`;
DROP TABLE IF EXISTS `sells`;

SET FOREIGN_KEY_CHECKS=1;

CREATE TABLE `host1` (
    email CHAR(80) PRIMARY KEY,
    organization CHAR(80)
);

CREATE TABLE `host2` (
    host_id INT PRIMARY KEY,
    name CHAR(80),
    email CHAR(80),
    rating FLOAT,
    FOREIGN KEY (email) REFERENCES `host1` (email) ON DELETE SET NULL
);

CREATE TABLE `event` (
    event_id INT PRIMARY KEY,
    name CHAR(80),
    start_date DATETIME,
    end_date DATETIME,
    ranking FLOAT,
    host_id INT NOT NULL,
    FOREIGN KEY (host_id) REFERENCES `host2` (host_id) ON DELETE CASCADE
);

CREATE TABLE `performer` (
    performer_id INT PRIMARY KEY,
    name CHAR(80),
    contact CHAR(80),
    ranking FLOAT
);

CREATE TABLE `venue1` (
    name CHAR(80),
    address CHAR(80),
    capacity INT,
    PRIMARY KEY (name, address)
);

CREATE TABLE `venue2` (
    venue_id INT PRIMARY KEY,
    name CHAR(80),
    address CHAR(80),
    FOREIGN KEY (name, address) REFERENCES `venue1` (name, address)
);

CREATE TABLE `eventcategory` (
    name CHAR(80) PRIMARY KEY
);


CREATE TABLE `regularuser1` (
    name CHAR(80) PRIMARY KEY,
    email CHAR(80) NOT NULL
);

CREATE TABLE `regularuser2` (
    name CHAR(80) PRIMARY KEY,
    address CHAR(80) NOT NULL
);

CREATE TABLE `regularuser3` (
    user_id INT PRIMARY KEY,
    name CHAR(80),
    FOREIGN KEY (name) REFERENCES `regularuser1` (name),
    FOREIGN KEY (name) REFERENCES `regularuser2` (name)
);

CREATE TABLE `ticket` (
    ticket_id INT PRIMARY KEY,
    price INT
);

CREATE TABLE `ticketvendor1` (
    name CHAR(80),
    address CHAR(80),
    contact CHAR(80),
    PRIMARY KEY (name, address)
);

CREATE TABLE `ticketvendor2` (
    vendor_id INT PRIMARY KEY,
    name CHAR(80),
    address CHAR(80),
    FOREIGN KEY (name, address) REFERENCES `ticketvendor1` (name, address)
);

CREATE TABLE `bookedat` (
    event_id INT,
    venue_id INT,
    PRIMARY KEY (event_id, venue_id),
    FOREIGN KEY (event_id) REFERENCES `event` (event_id) ON DELETE CASCADE,
    FOREIGN KEY (venue_id) REFERENCES `venue2` (venue_id) ON DELETE CASCADE
);

CREATE TABLE `performsat` (
    event_id INT,
    performer_id INT,
    PRIMARY KEY (event_id, performer_id),
    FOREIGN KEY (event_id) REFERENCES `event` (event_id) ON DELETE CASCADE,
    FOREIGN KEY (performer_id) REFERENCES `performer` (performer_id) ON DELETE CASCADE
);

CREATE TABLE `iscategory` (
    event_id INT,
    category CHAR(80),
    PRIMARY KEY (event_id, category),
    FOREIGN KEY (event_id) REFERENCES `event` (event_id) ON DELETE CASCADE
);

CREATE TABLE `isfor` (
    event_id INT,
    ticket_id INT,
    PRIMARY KEY (event_id, ticket_id),
    FOREIGN KEY (event_id) REFERENCES `event` (event_id) ON DELETE CASCADE,
    FOREIGN KEY (ticket_id) REFERENCES `ticket` (ticket_id) ON DELETE CASCADE
);

CREATE TABLE `purchased` (
    user_id INT,
    ticket_id INT PRIMARY KEY,
    FOREIGN KEY (ticket_id) REFERENCES `ticket` (ticket_id) ON DELETE CASCADE,
    FOREIGN KEY (user_id) REFERENCES `regularuser3` (user_id) ON DELETE CASCADE
);

CREATE TABLE `sells` (
    vendor_id INT,
    ticket_id INT,
    PRIMARY KEY (vendor_id, ticket_id),
    FOREIGN KEY (vendor_id) REFERENCES `ticketvendor2` (vendor_id) ON DELETE CASCADE,
    FOREIGN KEY (ticket_id) REFERENCES `ticket` (ticket_id) ON DELETE CASCADE
);

INSERT INTO `host1` VALUES ('studentsofubc@ubc.ca', 'UBC');
INSERT INTO `host1` VALUES ('computerscience@ubc.ca', 'UBC');
INSERT INTO `host1` VALUES ('hello@nwplus.io', 'nwPlus');
INSERT INTO `host1` VALUES ('science@ubc.ca', 'UBC');
INSERT INTO `host1` VALUES ('abearne0@skyrock.com', 'Twinte');
INSERT INTO `host1` VALUES ('rmcaughtrie1@privacy.gov.au', 'Yabox');
INSERT INTO `host1` VALUES ('gguidi2@shareasale.com', 'Edgeblab');
INSERT INTO `host1` VALUES ('dmedgwick3@baidu.com', 'Browsecat');
INSERT INTO `host1` VALUES ('hwarlawe4@technorati.com', 'Buzzshare');
INSERT INTO `host1` VALUES ('trushbrook5@umn.edu', 'Agivu');
INSERT INTO `host1` VALUES ('rwoodcroft6@instagram.com', 'Jabberstorm');
INSERT INTO `host1` VALUES ('tmccarry7@parallels.com', 'Dynava');
INSERT INTO `host1` VALUES ('gipsley8@guardian.co.uk', 'Livepath');
INSERT INTO `host1` VALUES ('akingaby9@cornell.edu', 'Tagopia');
INSERT INTO `host1` VALUES ('tperretta@list-manage.com', 'Janyx');
INSERT INTO `host1` VALUES ('dkemptonb@europa.eu', 'Tagpad');
INSERT INTO `host1` VALUES ('wgrigolonc@census.gov', 'Pixoboo');
INSERT INTO `host1` VALUES ('smessittd@posterous.com', 'Zoombeat');
INSERT INTO `host1` VALUES ('cheggadone@wunderground.com', 'Trilith');
INSERT INTO `host1` VALUES ('qyoskowitzf@seattletimes.com', 'Zooveo');
INSERT INTO `host1` VALUES ('aswanbourneg@cnet.com', 'Jabbercube');
INSERT INTO `host1` VALUES ('rrojahnh@scribd.com', 'Jabbertype');
INSERT INTO `host1` VALUES ('taco@tacodelmar.com', 'Taco Del Mar');

INSERT INTO `host2` VALUES (3967, 'Students of UBC', 'studentsofubc@ubc.ca', 0.8);
INSERT INTO `host2` VALUES (4529, 'UBC CS Department', 'computerscience@ubc.ca', 0.8);
INSERT INTO `host2` VALUES (7820, 'nwPlus', 'hello@nwplus.io', 1);
INSERT INTO `host2` VALUES (1920, 'UBC Faculty of Science', 'science@ubc.ca', 0.6);
INSERT INTO `host2` VALUES (10001, 'Anthe Bearne', 'abearne0@skyrock.com', 0);
INSERT INTO `host2` VALUES (10002, 'Rutherford McAughtrie', 'rmcaughtrie1@privacy.gov.au', 0.8);
INSERT INTO `host2` VALUES (10003, 'Guss Guidi', 'gguidi2@shareasale.com', 0.6);
INSERT INTO `host2` VALUES (10004, 'Desirae Medgwick', 'dmedgwick3@baidu.com', 0.6);
INSERT INTO `host2` VALUES (10005, 'Herculie Warlawe', 'hwarlawe4@technorati.com', 0.7);
INSERT INTO `host2` VALUES (10006, 'Trina Rushbrook', 'trushbrook5@umn.edu', 0.5);
INSERT INTO `host2` VALUES (10007, 'Rafferty Woodcroft', 'rwoodcroft6@instagram.com', 0.7);
INSERT INTO `host2` VALUES (10008, 'Truman McCarry', 'tmccarry7@parallels.com', 0.2);
INSERT INTO `host2` VALUES (10009, 'Granger Ipsley', 'gipsley8@guardian.co.uk', 0);
INSERT INTO `host2` VALUES (10010, 'Anthea Kingaby', 'akingaby9@cornell.edu', 0.3);
INSERT INTO `host2` VALUES (10011, 'Tess Perrett', 'tperretta@list-manage.com', 0.2);
INSERT INTO `host2` VALUES (10012, 'Dotti Kempton', 'dkemptonb@europa.eu', 0.1);
INSERT INTO `host2` VALUES (10013, 'Wang Grigolon', 'wgrigolonc@census.gov', 0.6);
INSERT INTO `host2` VALUES (10014, 'Shay Messitt', 'smessittd@posterous.com', 0.1);
INSERT INTO `host2` VALUES (10015, 'Cammie Heggadon', 'cheggadone@wunderground.com', 1);
INSERT INTO `host2` VALUES (10016, 'Quinton Yoskowitz', 'qyoskowitzf@seattletimes.com', 0);
INSERT INTO `host2` VALUES (10017, 'Aguie Swanbourne', 'aswanbourneg@cnet.com', 0.5);
INSERT INTO `host2` VALUES (10018, 'Rube Rojahn', 'rrojahnh@scribd.com', 0.4);
INSERT INTO `host2` VALUES (2834, 'UBC Taco Del Mar', 'taco@tacodelmar.com', 0.4);

INSERT INTO `event` VALUES (4576, 'Fall Reading Week Rally', STR_TO_DATE('20201123 1130', '%Y%m%d %H%i'), STR_TO_DATE('20201125 2330', '%Y%m%d %H%i'), 1, 3967);
INSERT INTO `event` VALUES (3077, 'CPSC 304 Crash Course', STR_TO_DATE('20200325 1800', '%Y%m%d %H%i'), STR_TO_DATE('20200328 0600', '%Y%m%d %H%i'), 2, 4529);
INSERT INTO `event` VALUES (4089, 'NWHacks Hackathon', STR_TO_DATE('20200214 0900', '%Y%m%d %H%i'), STR_TO_DATE('20200216 2100', '%Y%m%d %H%i'), 3, 7820);
INSERT INTO `event` VALUES (2412, 'Science Career Night', STR_TO_DATE('20200120 1900', '%Y%m%d %H%i'), STR_TO_DATE('20200123 0700', '%Y%m%d %H%i'), 4, 1920);
INSERT INTO `event` VALUES (5001, 'Block, Heathcote and Kertzmann Night', STR_TO_DATE('20191202 0122', '%Y%m%d %H%i'), STR_TO_DATE('20191204 2214', '%Y%m%d %H%i'), 1, 10016);
INSERT INTO `event` VALUES (5002, 'Wunsch Group Night', STR_TO_DATE('20190920 1817', '%Y%m%d %H%i'), STR_TO_DATE('20190921 2027', '%Y%m%d %H%i'), 4.9, 10016);
INSERT INTO `event` VALUES (5003, 'Gottlieb-McDermott Night', STR_TO_DATE('20191003 0509', '%Y%m%d %H%i'), STR_TO_DATE('20191007 0050', '%Y%m%d %H%i'), 3.8, 10017);
INSERT INTO `event` VALUES (5004, 'Rodriguez Group Night', STR_TO_DATE('20200520 2039', '%Y%m%d %H%i'), STR_TO_DATE('20200523 2039', '%Y%m%d %H%i'), 1.6, 10011);
INSERT INTO `event` VALUES (5005, 'Schroeder, Beer and Wisozk Night', STR_TO_DATE('20200426 2327', '%Y%m%d %H%i'), STR_TO_DATE('20200429 1615', '%Y%m%d %H%i'), 3.8, 10002);
INSERT INTO `event` VALUES (5006, 'Rohan, Luettgen and Feil Night', STR_TO_DATE('20201001 1215', '%Y%m%d %H%i'), STR_TO_DATE('20201002 1844', '%Y%m%d %H%i'), 2.3, 10011);
INSERT INTO `event` VALUES (5007, 'Stoltenberg, Ernser and Breitenberg Night', STR_TO_DATE('20190405 1313', '%Y%m%d %H%i'), STR_TO_DATE('20190408 2206', '%Y%m%d %H%i'), 3.3, 10001);
INSERT INTO `event` VALUES (5008, 'Hauck, Bartoletti and Monahan Night', STR_TO_DATE('20190922 1137', '%Y%m%d %H%i'), STR_TO_DATE('20190924 0230', '%Y%m%d %H%i'), 2, 10005);
INSERT INTO `event` VALUES (5009, 'Howe and Sons Night', STR_TO_DATE('20200330 0628', '%Y%m%d %H%i'), STR_TO_DATE('20200331 2120', '%Y%m%d %H%i'), 4.7, 10013);
INSERT INTO `event` VALUES (5010, 'Graham Inc Night', STR_TO_DATE('20200411 1058', '%Y%m%d %H%i'), STR_TO_DATE('20200413 1810', '%Y%m%d %H%i'), 3.6, 10009);
INSERT INTO `event` VALUES (5011, 'Hyatt, Quigley and Pacocha Night', STR_TO_DATE('20200211 1021', '%Y%m%d %H%i'), STR_TO_DATE('20200212 1231', '%Y%m%d %H%i'), 4.2, 10004);
INSERT INTO `event` VALUES (5012, 'Hilpert LLC Night', STR_TO_DATE('20190520 0135', '%Y%m%d %H%i'), STR_TO_DATE('20190523 1711', '%Y%m%d %H%i'), 3.3, 10003);
INSERT INTO `event` VALUES (5013, 'Reilly-Daniel Night', STR_TO_DATE('20200622 0304', '%Y%m%d %H%i'), STR_TO_DATE('20200625 0625', '%Y%m%d %H%i'), 4.7, 10001);
INSERT INTO `event` VALUES (5014, 'Quitzon-Predovic Night', STR_TO_DATE('20190917 0641', '%Y%m%d %H%i'), STR_TO_DATE('20190920 1100', '%Y%m%d %H%i'), 4.3, 10007);
INSERT INTO `event` VALUES (5015, 'Mueller-Mayer Night', STR_TO_DATE('20200706 1747', '%Y%m%d %H%i'), STR_TO_DATE('20200708 0240', '%Y%m%d %H%i'), 1.4, 10011);
INSERT INTO `event` VALUES (5016, 'Powlowski-Morissette Night', STR_TO_DATE('20190614 0225', '%Y%m%d %H%i'), STR_TO_DATE('20190617 0908', '%Y%m%d %H%i'), 1.8, 10007);
INSERT INTO `event` VALUES (5017, 'Leannon-Gislason Night', STR_TO_DATE('20201029 1315', '%Y%m%d %H%i'), STR_TO_DATE('20201031 0715', '%Y%m%d %H%i'), 1.8, 10009);
INSERT INTO `event` VALUES (5018, 'Ebert-Heller Night', STR_TO_DATE('20191210 0406', '%Y%m%d %H%i'), STR_TO_DATE('20191212 2011', '%Y%m%d %H%i'), 3.7, 10002);
INSERT INTO `event` VALUES (5019, 'Kuphal-Walsh Night', STR_TO_DATE('20190810 2103', '%Y%m%d %H%i'), STR_TO_DATE('20190814 1434', '%Y%m%d %H%i'), 4, 10009);
INSERT INTO `event` VALUES (5020, 'Shields-Harber Night', STR_TO_DATE('20210129 1138', '%Y%m%d %H%i'), STR_TO_DATE('20210130 1431', '%Y%m%d %H%i'), 3.8, 10017);
INSERT INTO `event` VALUES (5021, 'Strosin Group Night', STR_TO_DATE('20191201 1602', '%Y%m%d %H%i'), STR_TO_DATE('20191205 0221', '%Y%m%d %H%i'), 1.6, 10017);
INSERT INTO `event` VALUES (5022, 'Jacobs-Cronin Night', STR_TO_DATE('20200611 2104', '%Y%m%d %H%i'), STR_TO_DATE('20200613 0459', '%Y%m%d %H%i'), 3.5, 10005);
INSERT INTO `event` VALUES (5023, 'Schimmel, Abbott and Heller Night', STR_TO_DATE('20210308 1611', '%Y%m%d %H%i'), STR_TO_DATE('20210311 1738', '%Y%m%d %H%i'), 2.2, 10009);
INSERT INTO `event` VALUES (5024, 'Herman Inc Night', STR_TO_DATE('20210116 1759', '%Y%m%d %H%i'), STR_TO_DATE('20210118 1423', '%Y%m%d %H%i'), 1.1, 10014);
INSERT INTO `event` VALUES (5025, 'Lemke Group Night', STR_TO_DATE('20200109 1135', '%Y%m%d %H%i'), STR_TO_DATE('20200111 2320', '%Y%m%d %H%i'), 2.1, 10017);
INSERT INTO `event` VALUES (5026, 'Beahan-Stanton Night', STR_TO_DATE('20200921 0803', '%Y%m%d %H%i'), STR_TO_DATE('20200923 1544', '%Y%m%d %H%i'), 2.1, 10003);
INSERT INTO `event` VALUES (5027, 'Keebler, Reichel and Smith Night', STR_TO_DATE('20190814 2236', '%Y%m%d %H%i'), STR_TO_DATE('20190817 0114', '%Y%m%d %H%i'), 2.3, 10008);
INSERT INTO `event` VALUES (5028, 'Dare, Collins and Purdy Night', STR_TO_DATE('20200531 1553', '%Y%m%d %H%i'), STR_TO_DATE('20200604 1148', '%Y%m%d %H%i'), 3.4, 10018);
INSERT INTO `event` VALUES (5029, 'Morissette, Schroeder and Hoppe Night', STR_TO_DATE('20190921 0127', '%Y%m%d %H%i'), STR_TO_DATE('20190925 0059', '%Y%m%d %H%i'), 1.2, 10010);
INSERT INTO `event` VALUES (5030, 'King Group Night', STR_TO_DATE('20200117 1045', '%Y%m%d %H%i'), STR_TO_DATE('20200119 1225', '%Y%m%d %H%i'), 3.7, 10016);
INSERT INTO `event` VALUES (5031, 'Collier LLC Night', STR_TO_DATE('20201203 2057', '%Y%m%d %H%i'), STR_TO_DATE('20201206 1959', '%Y%m%d %H%i'), 2.7, 10006);
INSERT INTO `event` VALUES (5032, 'Little, Davis and Powlowski Night', STR_TO_DATE('20200130 1121', '%Y%m%d %H%i'), STR_TO_DATE('20200131 1818', '%Y%m%d %H%i'), 3.7, 10013);
INSERT INTO `event` VALUES (5033, 'Ebert, Marvin and Hudson Night', STR_TO_DATE('20190505 1049', '%Y%m%d %H%i'), STR_TO_DATE('20190508 2108', '%Y%m%d %H%i'), 2.5, 10005);
INSERT INTO `event` VALUES (5034, 'Schumm Group Night', STR_TO_DATE('20200914 0006', '%Y%m%d %H%i'), STR_TO_DATE('20200916 0313', '%Y%m%d %H%i'), 1.9, 10013);
INSERT INTO `event` VALUES (5035, 'O Keefe Inc Night', STR_TO_DATE('20200112 2017', '%Y%m%d %H%i'), STR_TO_DATE('20200114 2129', '%Y%m%d %H%i'), 4.5, 10004);
INSERT INTO `event` VALUES (5036, 'Keebler, Goodwin and Hand Night', STR_TO_DATE('20190924 1733', '%Y%m%d %H%i'), STR_TO_DATE('20190926 0337', '%Y%m%d %H%i'), 4.7, 10002);
INSERT INTO `event` VALUES (5037, 'Beier, Wehner and Gorczany Night', STR_TO_DATE('20201224 1734', '%Y%m%d %H%i'), STR_TO_DATE('20201226 1413', '%Y%m%d %H%i'), 3.2, 10005);
INSERT INTO `event` VALUES (5038, 'Kshlerin, McGlynn and Grimes Night', STR_TO_DATE('20191015 0930', '%Y%m%d %H%i'), STR_TO_DATE('20191019 0023', '%Y%m%d %H%i'), 2.1, 10014);
INSERT INTO `event` VALUES (5039, 'Renner Inc Night', STR_TO_DATE('20201104 1518', '%Y%m%d %H%i'), STR_TO_DATE('20201107 1713', '%Y%m%d %H%i'), 3.4, 10013);
INSERT INTO `event` VALUES (5040, 'Gislason, Hodkiewicz and Ferry Night', STR_TO_DATE('20210319 1500', '%Y%m%d %H%i'), STR_TO_DATE('20210323 0007', '%Y%m%d %H%i'), 5, 10009);
INSERT INTO `event` VALUES (5041, 'Marks, Moen and Bauch Night', STR_TO_DATE('20200917 1037', '%Y%m%d %H%i'), STR_TO_DATE('20200919 1427', '%Y%m%d %H%i'), 1.7, 10017);
INSERT INTO `event` VALUES (5042, 'Rutherford, Kris and Willms Night', STR_TO_DATE('20190620 0724', '%Y%m%d %H%i'), STR_TO_DATE('20190623 2148', '%Y%m%d %H%i'), 2.6, 10012);
INSERT INTO `event` VALUES (5043, 'Koelpin-Nolan Night', STR_TO_DATE('20201023 1839', '%Y%m%d %H%i'), STR_TO_DATE('20201026 0542', '%Y%m%d %H%i'), 1.2, 10017);
INSERT INTO `event` VALUES (5044, 'Ondricka LLC Night', STR_TO_DATE('20201111 2016', '%Y%m%d %H%i'), STR_TO_DATE('20201115 1933', '%Y%m%d %H%i'), 2.4, 10011);
INSERT INTO `event` VALUES (5045, 'Little, Doyle and Orn Night', STR_TO_DATE('20190505 0550', '%Y%m%d %H%i'), STR_TO_DATE('20190508 1302', '%Y%m%d %H%i'), 2.4, 10007);
INSERT INTO `event` VALUES (5046, 'Steuber-Hayes Night', STR_TO_DATE('20200114 1318', '%Y%m%d %H%i'), STR_TO_DATE('20200116 0621', '%Y%m%d %H%i'), 2.4, 10001);
INSERT INTO `event` VALUES (5047, 'Koch Inc Night', STR_TO_DATE('20190413 2041', '%Y%m%d %H%i'), STR_TO_DATE('20190415 0519', '%Y%m%d %H%i'), 3.4, 10003);
INSERT INTO `event` VALUES (5048, 'Medhurst-Maggio Night', STR_TO_DATE('20200914 0403', '%Y%m%d %H%i'), STR_TO_DATE('20200915 2022', '%Y%m%d %H%i'), 4.8, 10008);
INSERT INTO `event` VALUES (5049, 'Heller, Cummerata and Mayer Night', STR_TO_DATE('20190725 0023', '%Y%m%d %H%i'), STR_TO_DATE('20190727 2101', '%Y%m%d %H%i'), 1.1, 10017);
INSERT INTO `event` VALUES (5050, 'Block Inc Night', STR_TO_DATE('20191028 2055', '%Y%m%d %H%i'), STR_TO_DATE('20191101 0910', '%Y%m%d %H%i'), 3.8, 10002);
INSERT INTO `event` VALUES (5051, 'Runolfsdottir Group Night', STR_TO_DATE('20201219 2315', '%Y%m%d %H%i'), STR_TO_DATE('20201223 1618', '%Y%m%d %H%i'), 1.3, 10011);
INSERT INTO `event` VALUES (5052, 'Olson-Spencer Night', STR_TO_DATE('20200129 0727', '%Y%m%d %H%i'), STR_TO_DATE('20200131 1746', '%Y%m%d %H%i'), 0.8, 10002);
INSERT INTO `event` VALUES (5053, 'Pagac, Abshire and Kuvalis Night', STR_TO_DATE('20201011 2341', '%Y%m%d %H%i'), STR_TO_DATE('20201014 0541', '%Y%m%d %H%i'), 0.3, 10011);
INSERT INTO `event` VALUES (5054, 'Johnson, Rau and Christiansen Night', STR_TO_DATE('20191114 0100', '%Y%m%d %H%i'), STR_TO_DATE('20191118 0617', '%Y%m%d %H%i'), 1.1, 10001);
INSERT INTO `event` VALUES (5055, 'Predovic, Larkin and Barton Night', STR_TO_DATE('20200720 1012', '%Y%m%d %H%i'), STR_TO_DATE('20200725 0216', '%Y%m%d %H%i'), 1.9, 10005);
INSERT INTO `event` VALUES (5056, 'Olson LLC Night', STR_TO_DATE('20201214 0612', '%Y%m%d %H%i'), STR_TO_DATE('20201219 0403', '%Y%m%d %H%i'), 4.8, 10013);
INSERT INTO `event` VALUES (5057, 'Feil-Reilly Night', STR_TO_DATE('20190917 0548', '%Y%m%d %H%i'), STR_TO_DATE('20190920 1426', '%Y%m%d %H%i'), 3.3, 10009);
INSERT INTO `event` VALUES (5058, 'Cole Inc Night', STR_TO_DATE('20200412 1215', '%Y%m%d %H%i'), STR_TO_DATE('20200415 0825', '%Y%m%d %H%i'), 3.4, 10004);
INSERT INTO `event` VALUES (5059, 'Hills, Nolan and Johns Night', STR_TO_DATE('20201230 0521', '%Y%m%d %H%i'), STR_TO_DATE('20210102 0243', '%Y%m%d %H%i'), 1.8, 10003);
INSERT INTO `event` VALUES (5060, 'Bogan Group Night', STR_TO_DATE('20200828 1924', '%Y%m%d %H%i'), STR_TO_DATE('20200901 0222', '%Y%m%d %H%i'), 1.4, 10001);
INSERT INTO `event` VALUES (5061, 'Schultz-Ledner Night', STR_TO_DATE('20200319 2315', '%Y%m%d %H%i'), STR_TO_DATE('20200324 1310', '%Y%m%d %H%i'), 1.4, 10007);
INSERT INTO `event` VALUES (5062, 'Dietrich-Leuschke Night', STR_TO_DATE('20201027 0646', '%Y%m%d %H%i'), STR_TO_DATE('20201028 0715', '%Y%m%d %H%i'), 0.2, 10011);
INSERT INTO `event` VALUES (5063, 'Murazik, Herzog and Russel Night', STR_TO_DATE('20200831 2312', '%Y%m%d %H%i'), STR_TO_DATE('20200904 1210', '%Y%m%d %H%i'), 4.8, 10007);
INSERT INTO `event` VALUES (5064, 'Connelly-Dicki Night', STR_TO_DATE('20190809 1102', '%Y%m%d %H%i'), STR_TO_DATE('20190811 2330', '%Y%m%d %H%i'), 0, 10009);
INSERT INTO `event` VALUES (5065, 'Windler and Sons Night', STR_TO_DATE('20200825 1925', '%Y%m%d %H%i'), STR_TO_DATE('20200828 1925', '%Y%m%d %H%i'), 5, 10002);
INSERT INTO `event` VALUES (5066, 'Dicki-Veum Night', STR_TO_DATE('20191130 1459', '%Y%m%d %H%i'), STR_TO_DATE('20191202 1250', '%Y%m%d %H%i'), 3.2, 10009);
INSERT INTO `event` VALUES (5067, 'Kreiger Inc Night', STR_TO_DATE('20200313 1147', '%Y%m%d %H%i'), STR_TO_DATE('20200317 1259', '%Y%m%d %H%i'), 1.6, 10017);
INSERT INTO `event` VALUES (5068, 'Pacocha, Zulauf and Erdman Night', STR_TO_DATE('20200128 0649', '%Y%m%d %H%i'), STR_TO_DATE('20200130 2142', '%Y%m%d %H%i'), 4.1, 10017);
INSERT INTO `event` VALUES (5069, 'Hermiston-Quitzon Night', STR_TO_DATE('20190701 2312', '%Y%m%d %H%i'), STR_TO_DATE('20190706 0122', '%Y%m%d %H%i'), 4.7, 10005);
INSERT INTO `event` VALUES (5070, 'Frami, Stracke and Champlin Night', STR_TO_DATE('20190914 2336', '%Y%m%d %H%i'), STR_TO_DATE('20190919 1512', '%Y%m%d %H%i'), 1.8, 10009);
INSERT INTO `event` VALUES (5071, 'Hagenes-Schultz Night', STR_TO_DATE('20210329 0118', '%Y%m%d %H%i'), STR_TO_DATE('20210401 1459', '%Y%m%d %H%i'), 3.6, 10014);
INSERT INTO `event` VALUES (5072, 'Cartwright-Orn Night', STR_TO_DATE('20200531 1725', '%Y%m%d %H%i'), STR_TO_DATE('20200604 0358', '%Y%m%d %H%i'), 0.7, 10017);
INSERT INTO `event` VALUES (5073, 'Schuster, Franecki and Grant Night', STR_TO_DATE('20201217 1651', '%Y%m%d %H%i'), STR_TO_DATE('20201220 2237', '%Y%m%d %H%i'), 4.7, 10003);
INSERT INTO `event` VALUES (5074, 'Grimes-Bechtelar Night', STR_TO_DATE('20191116 0818', '%Y%m%d %H%i'), STR_TO_DATE('20191119 2018', '%Y%m%d %H%i'), 4.6, 10008);
INSERT INTO `event` VALUES (5075, 'Johnston-Ratke Night', STR_TO_DATE('20200228 1242', '%Y%m%d %H%i'), STR_TO_DATE('20200303 1618', '%Y%m%d %H%i'), 3.9, 10018);
INSERT INTO `event` VALUES (5076, 'Rice and Sons Night', STR_TO_DATE('20191228 2009', '%Y%m%d %H%i'), STR_TO_DATE('20200101 0741', '%Y%m%d %H%i'), 4.1, 10010);
INSERT INTO `event` VALUES (5077, 'Emard-Romaguera Night', STR_TO_DATE('20190406 2322', '%Y%m%d %H%i'), STR_TO_DATE('20190411 0410', '%Y%m%d %H%i'), 1, 10016);
INSERT INTO `event` VALUES (5078, 'Homenick-Russel Night', STR_TO_DATE('20190821 0737', '%Y%m%d %H%i'), STR_TO_DATE('20190824 2006', '%Y%m%d %H%i'), 4.2, 10006);
INSERT INTO `event` VALUES (5079, 'Ebert-Greenfelder Night', STR_TO_DATE('20201019 2121', '%Y%m%d %H%i'), STR_TO_DATE('20201023 0126', '%Y%m%d %H%i'), 3.5, 10013);
INSERT INTO `event` VALUES (5080, 'Predovic-Krajcik Night', STR_TO_DATE('20200424 0444', '%Y%m%d %H%i'), STR_TO_DATE('20200426 1532', '%Y%m%d %H%i'), 3.3, 10005);
INSERT INTO `event` VALUES (5081, 'Yost, Cole and Davis Night', STR_TO_DATE('20200524 0639', '%Y%m%d %H%i'), STR_TO_DATE('20200526 2020', '%Y%m%d %H%i'), 4.5, 10013);
INSERT INTO `event` VALUES (5082, 'Russel Group Night', STR_TO_DATE('20210214 1010', '%Y%m%d %H%i'), STR_TO_DATE('20210217 0327', '%Y%m%d %H%i'), 0.2, 10004);
INSERT INTO `event` VALUES (5083, 'O Conner-Heidenreich Night', STR_TO_DATE('20200520 2159', '%Y%m%d %H%i'), STR_TO_DATE('20200523 1613', '%Y%m%d %H%i'), 4.4, 10002);
INSERT INTO `event` VALUES (5084, 'Kling and Sons Night', STR_TO_DATE('20210401 2244', '%Y%m%d %H%i'), STR_TO_DATE('20210406 0206', '%Y%m%d %H%i'), 3.2, 10005);
INSERT INTO `event` VALUES (5085, 'Gusikowski Inc Night', STR_TO_DATE('20190814 0456', '%Y%m%d %H%i'), STR_TO_DATE('20190818 0329', '%Y%m%d %H%i'), 4, 10013);
INSERT INTO `event` VALUES (5086, 'Pollich-Mertz Night', STR_TO_DATE('20210331 2355', '%Y%m%d %H%i'), STR_TO_DATE('20210401 2355', '%Y%m%d %H%i'), 4.2, 10005);
INSERT INTO `event` VALUES (5087, 'Kunze, Wiegand and Fadel Night', STR_TO_DATE('20200604 0527', '%Y%m%d %H%i'), STR_TO_DATE('20200608 1741', '%Y%m%d %H%i'), 1.6, 10013);
INSERT INTO `event` VALUES (5088, 'Schroeder, Orn and Hyatt Night', STR_TO_DATE('20201019 0745', '%Y%m%d %H%i'), STR_TO_DATE('20201021 0940', '%Y%m%d %H%i'), 1.9, 10004);
INSERT INTO `event` VALUES (5089, 'Robel, Anderson and Grimes Night', STR_TO_DATE('20190829 0638', '%Y%m%d %H%i'), STR_TO_DATE('20190901 1546', '%Y%m%d %H%i'), 2.8, 10002);
INSERT INTO `event` VALUES (5090, 'Gibson, Schimmel and Walker Night', STR_TO_DATE('20191030 0515', '%Y%m%d %H%i'), STR_TO_DATE('20191101 0012', '%Y%m%d %H%i'), 4.4, 10005);
INSERT INTO `event` VALUES (5091, 'Kulas-Sauer Night', STR_TO_DATE('20191005 0527', '%Y%m%d %H%i'), STR_TO_DATE('20191010 0205', '%Y%m%d %H%i'), 4.4, 10003);
INSERT INTO `event` VALUES (5092, 'Keebler Group Night', STR_TO_DATE('20200629 1358', '%Y%m%d %H%i'), STR_TO_DATE('20200702 0632', '%Y%m%d %H%i'), 1.6, 10001);
INSERT INTO `event` VALUES (5093, 'Ernser Group Night', STR_TO_DATE('20201101 1917', '%Y%m%d %H%i'), STR_TO_DATE('20201105 0912', '%Y%m%d %H%i'), 2, 10007);
INSERT INTO `event` VALUES (5094, 'Bartoletti, Hermann and Stroman Night', STR_TO_DATE('20210210 0436', '%Y%m%d %H%i'), STR_TO_DATE('20210211 2208', '%Y%m%d %H%i'), 3.8, 10011);
INSERT INTO `event` VALUES (5095, 'Crist and Sons Night', STR_TO_DATE('20201101 1942', '%Y%m%d %H%i'), STR_TO_DATE('20201106 1132', '%Y%m%d %H%i'), 2.4, 10007);
INSERT INTO `event` VALUES (5096, 'Kuphal, Stamm and Hintz Night', STR_TO_DATE('20190926 0518', '%Y%m%d %H%i'), STR_TO_DATE('20191001 0142', '%Y%m%d %H%i'), 3.1, 10005);
INSERT INTO `event` VALUES (5097, 'West, Maggio and Wunsch Night', STR_TO_DATE('20210324 0149', '%Y%m%d %H%i'), STR_TO_DATE('20210326 0832', '%Y%m%d %H%i'), 0.3, 10003);
INSERT INTO `event` VALUES (5098, 'Kunze and Sons Night', STR_TO_DATE('20191221 1930', '%Y%m%d %H%i'), STR_TO_DATE('20191223 1609', '%Y%m%d %H%i'), 4.4, 10001);
INSERT INTO `event` VALUES (5099, 'Conn, Connelly and Terry Night', STR_TO_DATE('20191026 0949', '%Y%m%d %H%i'), STR_TO_DATE('20191030 1325', '%Y%m%d %H%i'), 2.1, 10007);
INSERT INTO `event` VALUES (5100, 'Metz-Kautzer Night', STR_TO_DATE('20210216 0710', '%Y%m%d %H%i'), STR_TO_DATE('20210217 1422', '%Y%m%d %H%i'), 2.4, 10011);
INSERT INTO `event` VALUES (1024, 'Taco Del Mar Grand Opening', STR_TO_DATE('20200610 1200', '%Y%m%d %H%i'), STR_TO_DATE('20200613 0000', '%Y%m%d %H%i'), 5, 2834);

INSERT INTO `performer` VALUES (3489, 'Linkin Park', 'linkinpark@linkinpark.com', 0.6);
INSERT INTO `performer` VALUES (2392, 'Bill Nye', 'billnye@thescienceguy.com', 0.8);
INSERT INTO `performer` VALUES (1254, 'Vancouver Canucks', 'canucks@vancouver.ca', 0.777777777777778);
INSERT INTO `performer` VALUES (4223, 'Tim Cook', 'timcook@apple.com', 0.9);
INSERT INTO `performer` VALUES (7001, 'Cornwall Hamsters', 'jbenoit0@washington.edu', 0.45);
INSERT INTO `performer` VALUES (7002, 'Cornwall Koalas', 'arosenhaupt1@npr.org', 0.48);
INSERT INTO `performer` VALUES (7003, 'Cornwall Foxes', 'mphant2@earthlink.net', 0.71);
INSERT INTO `performer` VALUES (7004, 'Cornwall Hotspurs', 'tgaler3@studiopress.com', 0.82);
INSERT INTO `performer` VALUES (7005, 'Cornwall Whites', 'lunwin4@harvard.edu', 0.65);
INSERT INTO `performer` VALUES (7006, 'Cornwall White Jackets', 'mmaddison5@yahoo.co.jp', 0.86);
INSERT INTO `performer` VALUES (7007, 'Cornwall White Legs', 'osmethurst6@amazon.co.uk', 0.57);
INSERT INTO `performer` VALUES (7008, 'Cornwall United', 'sdahlbom7@ning.com', 0.49);
INSERT INTO `performer` VALUES (7009, 'Cornwall Athletic', 'gmcruvie8@g.co', 0.55);
INSERT INTO `performer` VALUES (7010, 'White Hamsters', 'vmessruther9@about.me', 0.28);
INSERT INTO `performer` VALUES (7011, 'White Koalas', 'mcabana@businesswire.com', 0.55);
INSERT INTO `performer` VALUES (7012, 'White Foxes', 'byerrillb@utexas.edu', 0.96);
INSERT INTO `performer` VALUES (7013, 'White Hotspurs', 'ldennickc@dailymotion.com', 0.83);
INSERT INTO `performer` VALUES (7014, 'Ample Hamsters', 'horabled@reference.com', 0.66);
INSERT INTO `performer` VALUES (7015, 'Ample Koalas', 'iomande@nasa.gov', 0.57);
INSERT INTO `performer` VALUES (7016, 'Ample Foxes', 'gboydlef@ox.ac.uk', 0.62);
INSERT INTO `performer` VALUES (7017, 'Ample Hotspurs', 'hleyesg@amazon.co.jp', 0.36);
INSERT INTO `performer` VALUES (7018, 'Grateful Hamsters', 'elornsenh@gov.uk', 0.92);
INSERT INTO `performer` VALUES (7019, 'Grateful Koalas', 'wcromwelli@e-recht24.de', 0.3);
INSERT INTO `performer` VALUES (7020, 'Grateful Foxes', 'ktellwrightj@mozilla.org', 0.78);
INSERT INTO `performer` VALUES (7021, 'Grateful Hotspurs', 'dbartoszewskik@google.pl', 0.82);
INSERT INTO `performer` VALUES (7022, 'Giving Hamsters', 'jgarleyl@ibm.com', 0.91);
INSERT INTO `performer` VALUES (7023, 'Giving Koalas', 'rmabonem@independent.co.uk', 0.4);
INSERT INTO `performer` VALUES (7024, 'Giving Foxes', 'knorreyn@zimbio.com', 0.19);
INSERT INTO `performer` VALUES (7025, 'Giving Hotspurs', 'lrubeno@home.pl', 0.23);
INSERT INTO `performer` VALUES (6782, 'Toronto Raptors', 'raptors@toronto.ca', 0.95);

INSERT INTO `venue1` VALUES ('ICICS Room 250', 'ICICS Main Mall, Vancouver BC', 40);
INSERT INTO `venue1` VALUES ('BC Place', 'BC Place, Vancouver BC', 20000);
INSERT INTO `venue1` VALUES ('Earth Science Building, Room 1021', 'ESB Main Mall, Vancouver BC', 100);
INSERT INTO `venue1` VALUES ('Vancouver Convention Centre', '1055 Canada Pl, Vancouver, BC', 2000);
INSERT INTO `venue1` VALUES ('Lynch Group Place', '4 Colorado Place', 502);
INSERT INTO `venue1` VALUES ('Schulist, Hane and Reilly Place', '2205 Alpine Center', 804);
INSERT INTO `venue1` VALUES ('Bauch Group Place', '637 Nobel Park', 944);
INSERT INTO `venue1` VALUES ('Reichel-Morissette Place', '836 Macpherson Alley', 476);
INSERT INTO `venue1` VALUES ('Lowe-Towne Place', '111 Knutson Pass', 891);
INSERT INTO `venue1` VALUES ('Zieme, Bailey and Moen Place', '79354 Manitowish Park', 708);
INSERT INTO `venue1` VALUES ('Zemlak Inc Place', '7706 Becker Trail', 72);
INSERT INTO `venue1` VALUES ('Sanford LLC Place', '2 Esch Pass', 185);
INSERT INTO `venue1` VALUES ('Homenick, Nader and Larkin Place', '3 Michigan Parkway', 521);
INSERT INTO `venue1` VALUES ('Hilll-Haley Place', '086 Everett Crossing', 877);
INSERT INTO `venue1` VALUES ('Rogahn, Schmeler and Crona Place', '41 Bultman Alley', 493);
INSERT INTO `venue1` VALUES ('Kertzmann-Schamberger Place', '22 Delaware Street', 322);
INSERT INTO `venue1` VALUES ('McDermott, Swift and Senger Place', '9 Artisan Circle', 115);
INSERT INTO `venue1` VALUES ('Mann Inc Place', '9 Vahlen Trail', 608);
INSERT INTO `venue1` VALUES ('Tromp-Bins Place', '842 Dennis Court', 344);
INSERT INTO `venue1` VALUES ('Muller-Muller Place', '4158 Badeau Hill', 415);
INSERT INTO `venue1` VALUES ('Christiansen Group Place', '3651 Browning Way', 954);
INSERT INTO `venue1` VALUES ('Reynolds-Schulist Place', '7 Melby Way', 345);
INSERT INTO `venue1` VALUES ('Pouros, McLaughlin and Lakin Place', '7190 Hoepker Terrace', 80);
INSERT INTO `venue1` VALUES ('Paucek-Terry Place', '6 Crescent Oaks Hill', 698);
INSERT INTO `venue1` VALUES ('Mraz-Schinner Place', '36882 Mayfield Court', 685);
INSERT INTO `venue1` VALUES ('Von-Feest Place', '701 Almo Way', 491);
INSERT INTO `venue1` VALUES ('Ruecker and Sons Place', '2 Maryland Drive', 986);
INSERT INTO `venue1` VALUES ('Lebsack Group Place', '674 Hoard Park', 404);
INSERT INTO `venue1` VALUES ('Dare and Sons Place', '47 Annamark Park', 83);
INSERT INTO `venue1` VALUES ('Langworth, Ryan and Koelpin Place', '430 Esch Crossing', 994);
INSERT INTO `venue1` VALUES ('Schmeler, Prosacco and Wyman Place', '6564 Maryland Terrace', 215);
INSERT INTO `venue1` VALUES ('Shanahan, Pollich and O Hara Place', '243 Kedzie Point', 763);
INSERT INTO `venue1` VALUES ('Gaylord Group Place', '1334 Homewood Hill', 118);
INSERT INTO `venue1` VALUES ('Schaden-Sanford Place', '582 Katie Place', 556);
INSERT INTO `venue1` VALUES ('Prosacco-Fisher Place', '2511 Straubel Way', 629);
INSERT INTO `venue1` VALUES ('Dickinson-Considine Place', '316 Chive Pass', 997);
INSERT INTO `venue1` VALUES ('Kohler-Rath Place', '252 Roxbury Crossing', 755);
INSERT INTO `venue1` VALUES ('Trantow, Langworth and Kulas Place', '57985 Kensington Terrace', 925);
INSERT INTO `venue1` VALUES ('Lang, Harvey and Rowe Place', '9985 Kim Center', 534);
INSERT INTO `venue1` VALUES ('Runte, Kreiger and Kautzer Place', '87 Susan Way', 809);
INSERT INTO `venue1` VALUES ('Swaniawski, O Reilly and Collier Place', '17460 Forest Avenue', 684);
INSERT INTO `venue1` VALUES ('Dicki-Lemke Place', '0 Almo Road', 857);
INSERT INTO `venue1` VALUES ('Von-Sporer Place', '031 Lotheville Circle', 68);
INSERT INTO `venue1` VALUES ('Huels Inc Place', '1340 Myrtle Drive', 619);
INSERT INTO `venue1` VALUES ('Cruickshank LLC Place', '73 Cardinal Plaza', 144);
INSERT INTO `venue1` VALUES ('Hirthe, Berge and Goyette Place', '952 American Avenue', 989);
INSERT INTO `venue1` VALUES ('White and Sons Place', '647 Sunfield Crossing', 724);
INSERT INTO `venue1` VALUES ('Grimes, Schmitt and Rice Place', '56917 Basil Terrace', 231);
INSERT INTO `venue1` VALUES ('Berge LLC Place', '24 Golf Course Way', 963);
INSERT INTO `venue1` VALUES ('Heathcote and Sons Place', '00 Knutson Alley', 62);
INSERT INTO `venue1` VALUES ('Goodwin-Stanton Place', '3438 Katie Pass', 727);
INSERT INTO `venue1` VALUES ('Heller Group Place', '8 Transport Parkway', 939);
INSERT INTO `venue1` VALUES ('Wolff-Reinger Place', '062 Lindbergh Avenue', 499);
INSERT INTO `venue1` VALUES ('Reichel-Lindgren Place', '2250 Shopko Terrace', 104);
INSERT INTO `venue1` VALUES ('Vancouver Public Library, Room 200', '575 Clancy Loranger Way, Vancouver, BC', 100);

INSERT INTO `venue2` VALUES (4829, 'ICICS Room 250', 'ICICS Main Mall, Vancouver BC');
INSERT INTO `venue2` VALUES (1230, 'BC Place', 'BC Place, Vancouver BC');
INSERT INTO `venue2` VALUES (4205, 'Earth Science Building, Room 1021', 'ESB Main Mall, Vancouver BC');
INSERT INTO `venue2` VALUES (4530, 'Vancouver Convention Centre', '1055 Canada Pl, Vancouver, BC');
INSERT INTO `venue2` VALUES (20001, 'Lynch Group Place', '4 Colorado Place');
INSERT INTO `venue2` VALUES (20002, 'Schulist, Hane and Reilly Place', '2205 Alpine Center');
INSERT INTO `venue2` VALUES (20003, 'Bauch Group Place', '637 Nobel Park');
INSERT INTO `venue2` VALUES (20004, 'Reichel-Morissette Place', '836 Macpherson Alley');
INSERT INTO `venue2` VALUES (20005, 'Lowe-Towne Place', '111 Knutson Pass');
INSERT INTO `venue2` VALUES (20006, 'Zieme, Bailey and Moen Place', '79354 Manitowish Park');
INSERT INTO `venue2` VALUES (20007, 'Zemlak Inc Place', '7706 Becker Trail');
INSERT INTO `venue2` VALUES (20008, 'Sanford LLC Place', '2 Esch Pass');
INSERT INTO `venue2` VALUES (20009, 'Homenick, Nader and Larkin Place', '3 Michigan Parkway');
INSERT INTO `venue2` VALUES (20010, 'Hilll-Haley Place', '086 Everett Crossing');
INSERT INTO `venue2` VALUES (20011, 'Rogahn, Schmeler and Crona Place', '41 Bultman Alley');
INSERT INTO `venue2` VALUES (20012, 'Kertzmann-Schamberger Place', '22 Delaware Street');
INSERT INTO `venue2` VALUES (20013, 'McDermott, Swift and Senger Place', '9 Artisan Circle');
INSERT INTO `venue2` VALUES (20014, 'Mann Inc Place', '9 Vahlen Trail');
INSERT INTO `venue2` VALUES (20015, 'Tromp-Bins Place', '842 Dennis Court');
INSERT INTO `venue2` VALUES (20016, 'Muller-Muller Place', '4158 Badeau Hill');
INSERT INTO `venue2` VALUES (20017, 'Christiansen Group Place', '3651 Browning Way');
INSERT INTO `venue2` VALUES (20018, 'Reynolds-Schulist Place', '7 Melby Way');
INSERT INTO `venue2` VALUES (20019, 'Pouros, McLaughlin and Lakin Place', '7190 Hoepker Terrace');
INSERT INTO `venue2` VALUES (20020, 'Paucek-Terry Place', '6 Crescent Oaks Hill');
INSERT INTO `venue2` VALUES (20021, 'Mraz-Schinner Place', '36882 Mayfield Court');
INSERT INTO `venue2` VALUES (20022, 'Von-Feest Place', '701 Almo Way');
INSERT INTO `venue2` VALUES (20023, 'Ruecker and Sons Place', '2 Maryland Drive');
INSERT INTO `venue2` VALUES (20024, 'Lebsack Group Place', '674 Hoard Park');
INSERT INTO `venue2` VALUES (20025, 'Dare and Sons Place', '47 Annamark Park');
INSERT INTO `venue2` VALUES (20026, 'Langworth, Ryan and Koelpin Place', '430 Esch Crossing');
INSERT INTO `venue2` VALUES (20027, 'Schmeler, Prosacco and Wyman Place', '6564 Maryland Terrace');
INSERT INTO `venue2` VALUES (20028, 'Shanahan, Pollich and O Hara Place', '243 Kedzie Point');
INSERT INTO `venue2` VALUES (20029, 'Gaylord Group Place', '1334 Homewood Hill');
INSERT INTO `venue2` VALUES (20030, 'Schaden-Sanford Place', '582 Katie Place');
INSERT INTO `venue2` VALUES (20031, 'Prosacco-Fisher Place', '2511 Straubel Way');
INSERT INTO `venue2` VALUES (20032, 'Dickinson-Considine Place', '316 Chive Pass');
INSERT INTO `venue2` VALUES (20033, 'Kohler-Rath Place', '252 Roxbury Crossing');
INSERT INTO `venue2` VALUES (20034, 'Trantow, Langworth and Kulas Place', '57985 Kensington Terrace');
INSERT INTO `venue2` VALUES (20035, 'Lang, Harvey and Rowe Place', '9985 Kim Center');
INSERT INTO `venue2` VALUES (20036, 'Runte, Kreiger and Kautzer Place', '87 Susan Way');
INSERT INTO `venue2` VALUES (20037, 'Swaniawski, O Reilly and Collier Place', '17460 Forest Avenue');
INSERT INTO `venue2` VALUES (20038, 'Dicki-Lemke Place', '0 Almo Road');
INSERT INTO `venue2` VALUES (20039, 'Von-Sporer Place', '031 Lotheville Circle');
INSERT INTO `venue2` VALUES (20040, 'Huels Inc Place', '1340 Myrtle Drive');
INSERT INTO `venue2` VALUES (20041, 'Cruickshank LLC Place', '73 Cardinal Plaza');
INSERT INTO `venue2` VALUES (20042, 'Hirthe, Berge and Goyette Place', '952 American Avenue');
INSERT INTO `venue2` VALUES (20043, 'White and Sons Place', '647 Sunfield Crossing');
INSERT INTO `venue2` VALUES (20044, 'Grimes, Schmitt and Rice Place', '56917 Basil Terrace');
INSERT INTO `venue2` VALUES (20045, 'Berge LLC Place', '24 Golf Course Way');
INSERT INTO `venue2` VALUES (20046, 'Heathcote and Sons Place', '00 Knutson Alley');
INSERT INTO `venue2` VALUES (20047, 'Goodwin-Stanton Place', '3438 Katie Pass');
INSERT INTO `venue2` VALUES (20048, 'Heller Group Place', '8 Transport Parkway');
INSERT INTO `venue2` VALUES (20049, 'Wolff-Reinger Place', '062 Lindbergh Avenue');
INSERT INTO `venue2` VALUES (20050, 'Reichel-Lindgren Place', '2250 Shopko Terrace');
INSERT INTO `venue2` VALUES (8923, 'Vancouver Public Library, Room 200', '575 Clancy Loranger Way, Vancouver, BC');

INSERT INTO `eventcategory` VALUES ('Social');
INSERT INTO `eventcategory` VALUES ('Athletics');
INSERT INTO `eventcategory` VALUES ('Academic');
INSERT INTO `eventcategory` VALUES ('Food');
INSERT INTO `eventcategory` VALUES ('Film');

INSERT INTO `regularuser1` VALUES ('Amman Zaman', 'thezaman76@gmail.com');
INSERT INTO `regularuser1` VALUES ('Divyansh Singhal', 'singhaldivyansh1998@gmail.com');
INSERT INTO `regularuser1` VALUES ('Mourud Ahmed', 'ishmam1@gmail.com');
INSERT INTO `regularuser1` VALUES ('Jessica Wang', 'jessicawang@cs.ubc.ca');
INSERT INTO `regularuser1` VALUES ('Lacota Graves', 'vel.vulputate.eu@utlacus.net');
INSERT INTO `regularuser1` VALUES ('Tanek Hurley', 'Fusce.fermentum@necluctusfelis.net');
INSERT INTO `regularuser1` VALUES ('Noel Mcfarland', 'eget@tellusfaucibus.org');
INSERT INTO `regularuser1` VALUES ('Rowan Zimmerman', 'Phasellus.ornare@eueleifend.net');
INSERT INTO `regularuser1` VALUES ('Ima Morton', 'nulla.vulputate.dui@faucibus.net');
INSERT INTO `regularuser1` VALUES ('Plato Beard', 'ultrices.Vivamus@semmagna.net');
INSERT INTO `regularuser1` VALUES ('Calvin Riggs', 'Integer@elitpedemalesuada.net');
INSERT INTO `regularuser1` VALUES ('Leila Savage', 'eleifend.vitae.erat@eget.org');
INSERT INTO `regularuser1` VALUES ('Burke Whitley', 'est.Nunc.ullamcorper@magnaSedeu.net');
INSERT INTO `regularuser1` VALUES ('Derek Walls', 'vel.quam.dignissim@Utsagittislobortis.com');
INSERT INTO `regularuser1` VALUES ('Vielka Kirk', 'eu.arcu.Morbi@egestas.org');
INSERT INTO `regularuser1` VALUES ('Brandon Charles', 'fermentum.metus.Aenean@erosNam.ca');
INSERT INTO `regularuser1` VALUES ('Tanisha Cabrera', 'eros@sitametrisus.org');
INSERT INTO `regularuser1` VALUES ('Raya Church', 'hendrerit.id@tellus.com');
INSERT INTO `regularuser1` VALUES ('Priscilla Vance', 'lectus@dolorNulla.ca');
INSERT INTO `regularuser1` VALUES ('Wynne Dudley', 'quis.turpis.vitae@sociosquad.ca');
INSERT INTO `regularuser1` VALUES ('Dolan Holder', 'commodo@necdiam.edu');
INSERT INTO `regularuser1` VALUES ('Lara Maddox', 'mollis.non@nostraper.edu');
INSERT INTO `regularuser1` VALUES ('Alec Craig', 'velit.dui.semper@nec.edu');
INSERT INTO `regularuser1` VALUES ('Jacqueline Harmon', 'Fusce@afacilisisnon.org');
INSERT INTO `regularuser1` VALUES ('Colin Casey', 'Cum.sociis.natoque@InloremDonec.ca');
INSERT INTO `regularuser1` VALUES ('Alfonso Greene', 'hendrerit.neque.In@et.co.uk');
INSERT INTO `regularuser1` VALUES ('Dillon Gilbert', 'nunc.est@nuncnullavulputate.edu');
INSERT INTO `regularuser1` VALUES ('Cody Stanley', 'quam.vel@turpisvitaepurus.edu');
INSERT INTO `regularuser1` VALUES ('Levi Morton', 'dictum.augue@erosturpisnon.ca');
INSERT INTO `regularuser1` VALUES ('Ila Hughes', 'dui.Fusce.aliquam@nullaDonecnon.ca');
INSERT INTO `regularuser1` VALUES ('Clayton Shannon', 'sit.amet.faucibus@elementum.ca');
INSERT INTO `regularuser1` VALUES ('Quinn Cross', 'justo@scelerisqueneque.org');
INSERT INTO `regularuser1` VALUES ('Berk Brennan', 'Aliquam.adipiscing.lobortis@accumsanneque.net');
INSERT INTO `regularuser1` VALUES ('Inga Padilla', 'turpis@Infaucibus.ca');
INSERT INTO `regularuser1` VALUES ('Serena Serrano', 'odio.tristique@egestaslacinia.co.uk');
INSERT INTO `regularuser1` VALUES ('Colby Vance', 'non@eleifendnuncrisus.edu');
INSERT INTO `regularuser1` VALUES ('Garrett Mayo', 'vulputate.posuere.vulputate@imperdiet.co.uk');
INSERT INTO `regularuser1` VALUES ('Candace Lang', 'arcu@egestas.net');
INSERT INTO `regularuser1` VALUES ('Wylie Burt', 'taciti.sociosqu.ad@dapibus.org');
INSERT INTO `regularuser1` VALUES ('Bruno Carver', 'sit.amet.massa@facilisisnonbibendum.org');
INSERT INTO `regularuser1` VALUES ('Rana Whitney', 'montes@atvelitCras.com');
INSERT INTO `regularuser1` VALUES ('Chloe Gordon', 'nunc.id@magnaPhasellusdolor.edu');
INSERT INTO `regularuser1` VALUES ('Robin Bradshaw', 'ultricies.dignissim.lacus@sapien.ca');
INSERT INTO `regularuser1` VALUES ('Dahlia Stout', 'pede.Praesent@enim.org');
INSERT INTO `regularuser1` VALUES ('Samuel Mckay', 'et.ultrices@ridiculus.co.uk');
INSERT INTO `regularuser1` VALUES ('Kane Bruce', 'ultrices.sit@urnaetarcu.co.uk');
INSERT INTO `regularuser1` VALUES ('Jane Raymond', 'ligula.Donec.luctus@quistristiqueac.org');
INSERT INTO `regularuser1` VALUES ('Mariam Rosales', 'nec.euismod@nuncinterdum.com');
INSERT INTO `regularuser1` VALUES ('Desiree Salas', 'gravida.sagittis@eu.net');
INSERT INTO `regularuser1` VALUES ('Britanney Dyer', 'eu@non.co.uk');
INSERT INTO `regularuser1` VALUES ('Nolan Olson', 'ultricies.ornare.elit@utnulla.com');
INSERT INTO `regularuser1` VALUES ('Eve Kidd', 'Proin.ultrices@cursus.edu');
INSERT INTO `regularuser1` VALUES ('Lynn English', 'ac.feugiat.non@feugiat.edu');
INSERT INTO `regularuser1` VALUES ('Imogene Hodge', 'aliquet@vitaepurus.edu');
INSERT INTO `regularuser1` VALUES ('Christen Norris', 'rutrum@condimentum.org');
INSERT INTO `regularuser1` VALUES ('Tiger Blair', 'pharetra@loremut.edu');
INSERT INTO `regularuser1` VALUES ('Risa Hill', 'et.magnis@nectellusNunc.org');
INSERT INTO `regularuser1` VALUES ('Aquila Olson', 'lacus@nequeMorbiquis.org');
INSERT INTO `regularuser1` VALUES ('Claire Brooks', 'erat.in@aliquetliberoInteger.edu');
INSERT INTO `regularuser1` VALUES ('Russell Duran', 'consequat.purus@massaMaurisvestibulum.com');
INSERT INTO `regularuser1` VALUES ('Portia Lane', 'per.conubia@rutrumloremac.net');
INSERT INTO `regularuser1` VALUES ('Jenette Richard', 'vulputate@nonnisi.co.uk');
INSERT INTO `regularuser1` VALUES ('Kennan Herrera', 'risus.varius.orci@lectusquis.ca');
INSERT INTO `regularuser1` VALUES ('Randall Porter', 'ultrices.posuere@gravidamolestie.org');
INSERT INTO `regularuser1` VALUES ('Amal Velasquez', 'quam.a.felis@sempertellus.com');
INSERT INTO `regularuser1` VALUES ('Pearl Wynn', 'dapibus@urna.org');
INSERT INTO `regularuser1` VALUES ('Daria Ray', 'purus.mauris@ipsum.com');
INSERT INTO `regularuser1` VALUES ('Fredericka Conway', 'sociosqu.ad@nullaCraseu.org');
INSERT INTO `regularuser1` VALUES ('Gemma Valencia', 'libero@Proinnisl.ca');
INSERT INTO `regularuser1` VALUES ('Imogene Thomas', 'eget.venenatis.a@egestasligula.edu');
INSERT INTO `regularuser1` VALUES ('Rina Sears', 'Integer.id@fringillapurus.edu');
INSERT INTO `regularuser1` VALUES ('Venus Britt', 'Quisque.tincidunt.pede@mauriselitdictum.org');
INSERT INTO `regularuser1` VALUES ('Malik Pickett', 'arcu.Vestibulum@vestibulummassa.net');
INSERT INTO `regularuser1` VALUES ('Austin Robertson', 'molestie.pharetra@velitegestaslacinia.edu');
INSERT INTO `regularuser1` VALUES ('Heather Pruitt', 'aliquet.sem.ut@Maurisvelturpis.org');
INSERT INTO `regularuser1` VALUES ('Asher Mclean', 'dignissim.magna@Quisqueornaretortor.com');
INSERT INTO `regularuser1` VALUES ('Rhoda Parsons', 'posuere.cubilia@ac.ca');
INSERT INTO `regularuser1` VALUES ('Roth Donaldson', 'enim@disparturient.net');
INSERT INTO `regularuser1` VALUES ('Giacomo Ray', 'ultricies.sem@Donecporttitor.org');
INSERT INTO `regularuser1` VALUES ('Hayley Hodge', 'nisi.Cum@ut.com');
INSERT INTO `regularuser1` VALUES ('Hakeem Carney', 'euismod@eratEtiamvestibulum.co.uk');
INSERT INTO `regularuser1` VALUES ('Indira Porter', 'neque.pellentesque@ategestas.ca');
INSERT INTO `regularuser1` VALUES ('Madeline Brooks', 'posuere.cubilia@posuere.net');
INSERT INTO `regularuser1` VALUES ('Sylvia Mercado', 'fermentum.vel@arcuSed.ca');
INSERT INTO `regularuser1` VALUES ('Tad Aguilar', 'pede.et.risus@hymenaeos.co.uk');
INSERT INTO `regularuser1` VALUES ('Harding Doyle', 'aliquam.enim@orci.org');
INSERT INTO `regularuser1` VALUES ('Daquan Robertson', 'turpis@facilisis.org');
INSERT INTO `regularuser1` VALUES ('Wallace Mendoza', 'quis.lectus@odio.ca');
INSERT INTO `regularuser1` VALUES ('Connor Key', 'risus.odio.auctor@insodaleselit.edu');
INSERT INTO `regularuser1` VALUES ('Hermione King', 'neque.et.nunc@etrisusQuisque.org');
INSERT INTO `regularuser1` VALUES ('Anne Guzman', 'taciti.sociosqu@liberodui.net');
INSERT INTO `regularuser1` VALUES ('Quamar Harrell', 'Lorem.ipsum@aultricies.net');
INSERT INTO `regularuser1` VALUES ('Dexter Campos', 'consectetuer.ipsum.nunc@aodiosemper.edu');
INSERT INTO `regularuser1` VALUES ('Ariana Prince', 'Phasellus.ornare.Fusce@dolornonummy.net');
INSERT INTO `regularuser1` VALUES ('Levi Mcbride', 'libero.Morbi.accumsan@vulputatelacus.ca');
INSERT INTO `regularuser1` VALUES ('Salvador Stanton', 'Suspendisse.aliquet@dui.org');
INSERT INTO `regularuser1` VALUES ('Aurelia Perry', 'vulputate.velit.eu@infelis.ca');
INSERT INTO `regularuser1` VALUES ('Lillith Moses', 'ornare@acmetusvitae.com');
INSERT INTO `regularuser1` VALUES ('Kirsten Franks', 'Donec.feugiat@vitaeodiosagittis.ca');
INSERT INTO `regularuser1` VALUES ('Rama Mcgowan', 'at@Cras.edu');
INSERT INTO `regularuser1` VALUES ('Chloe Sheppard', 'libero.lacus.varius@Loremipsumdolor.edu');
INSERT INTO `regularuser1` VALUES ('Victor Shepherd', 'euismod.mauris@auctorvitaealiquet.net');
INSERT INTO `regularuser1` VALUES ('Britanni Elliott', 'lorem.lorem.luctus@iaculis.com');
INSERT INTO `regularuser1` VALUES ('Jamalia Holland', 'tincidunt.nibh@utcursusluctus.org');
INSERT INTO `regularuser1` VALUES ('Stanwood Edgler', 'sedgler0@boston.com');
INSERT INTO `regularuser1` VALUES ('Margarete Beresford', 'mberesford1@spiegel.de');
INSERT INTO `regularuser1` VALUES ('Rowen Hastelow', 'rhastelow2@digg.com');
INSERT INTO `regularuser1` VALUES ('Norrie Toderi', 'ntoderi3@ameblo.jp');
INSERT INTO `regularuser1` VALUES ('Andra Krammer', 'akrammer4@smugmug.com');
INSERT INTO `regularuser1` VALUES ('Zebulen Brookzie', 'zbrookzie5@people.com.cn');
INSERT INTO `regularuser1` VALUES ('Tove Persian', 'tpersian6@hugedomains.com');
INSERT INTO `regularuser1` VALUES ('Alissa Palphreyman', 'apalphreyman7@state.gov');
INSERT INTO `regularuser1` VALUES ('Trix Hawkey', 'thawkey8@ft.com');
INSERT INTO `regularuser1` VALUES ('Margaretta Platt', 'mplatt9@ameblo.jp');
INSERT INTO `regularuser1` VALUES ('Elva Levinge', 'elevingea@friendfeed.com');
INSERT INTO `regularuser1` VALUES ('Alford Pinnegar', 'apinnegarb@europa.eu');
INSERT INTO `regularuser1` VALUES ('Reamonn Cuttings', 'rcuttingsc@examiner.com');
INSERT INTO `regularuser1` VALUES ('Phyllis Dougher', 'pdougherd@google.co.jp');
INSERT INTO `regularuser1` VALUES ('Zeb Lilford', 'zlilforde@symantec.com');
INSERT INTO `regularuser1` VALUES ('Mychal Castagne', 'mcastagnef@cloudflare.com');
INSERT INTO `regularuser1` VALUES ('Clarice Wrankmore', 'cwrankmoreg@engadget.com');
INSERT INTO `regularuser1` VALUES ('Moira Kingsnorth', 'mkingsnorthh@china.com.cn');
INSERT INTO `regularuser1` VALUES ('Sherill Korous', 'skorousi@vinaora.com');
INSERT INTO `regularuser1` VALUES ('Austin Saxton', 'asaxtonj@ycombinator.com');
INSERT INTO `regularuser1` VALUES ('Merrielle Aspin', 'maspink@photobucket.com');
INSERT INTO `regularuser1` VALUES ('Melly Judge', 'mjudgel@google.com.au');
INSERT INTO `regularuser1` VALUES ('Angelika Bisacre', 'abisacrem@state.tx.us');
INSERT INTO `regularuser1` VALUES ('Hedi Teck', 'hteckn@google.com.au');
INSERT INTO `regularuser1` VALUES ('Jessie Messingham', 'jmessinghamo@de.vu');
INSERT INTO `regularuser1` VALUES ('Paton Mulmuray', 'pmulmurayp@i2i.jp');
INSERT INTO `regularuser1` VALUES ('Lanie Trimmell', 'ltrimmellq@berkeley.edu');
INSERT INTO `regularuser1` VALUES ('Winnifred Matczak', 'wmatczakr@usatoday.com');
INSERT INTO `regularuser1` VALUES ('Fabian Galfour', 'fgalfours@oakley.com');
INSERT INTO `regularuser1` VALUES ('Cynthie Tuddenham', 'ctuddenhamt@slideshare.net');
INSERT INTO `regularuser1` VALUES ('Broderick Stockell', 'bstockellu@imgur.com');
INSERT INTO `regularuser1` VALUES ('Hamnet Cullingford', 'hcullingfordv@alibaba.com');
INSERT INTO `regularuser1` VALUES ('Elnar Adamoli', 'eadamoliw@dailymotion.com');
INSERT INTO `regularuser1` VALUES ('Malia Collacombe', 'mcollacombex@auda.org.au');
INSERT INTO `regularuser1` VALUES ('Cassandry Howel', 'chowely@dyndns.org');
INSERT INTO `regularuser1` VALUES ('Jasmine Doudney', 'jdoudneyz@angelfire.com');
INSERT INTO `regularuser1` VALUES ('Evelin Sillars', 'esillars10@reference.com');
INSERT INTO `regularuser1` VALUES ('Elissa Parsisson', 'eparsisson11@angelfire.com');
INSERT INTO `regularuser1` VALUES ('Alvin Bramah', 'abramah12@globo.com');
INSERT INTO `regularuser1` VALUES ('Keslie Giovannacci', 'kgiovannacci13@example.com');
INSERT INTO `regularuser1` VALUES ('Mozes Burnhill', 'mburnhill14@bing.com');
INSERT INTO `regularuser1` VALUES ('Stephan Harbinson', 'sharbinson15@bing.com');
INSERT INTO `regularuser1` VALUES ('Byran MacCulloch', 'bmacculloch16@apple.com');
INSERT INTO `regularuser1` VALUES ('Cyrus Tym', 'ctym17@kickstarter.com');
INSERT INTO `regularuser1` VALUES ('Danya Beacham', 'dbeacham18@shareasale.com');
INSERT INTO `regularuser1` VALUES ('Olga Baldassi', 'obaldassi19@i2i.jp');
INSERT INTO `regularuser1` VALUES ('Dinah Rameaux', 'drameaux1a@tinypic.com');
INSERT INTO `regularuser1` VALUES ('Bobette Ricciardelli', 'bricciardelli1b@networkadvertising.org');
INSERT INTO `regularuser1` VALUES ('Willem Van der Hoven', 'wvan1c@arizona.edu');
INSERT INTO `regularuser1` VALUES ('Martguerita Hotton', 'mhotton1d@uiuc.edu');
INSERT INTO `regularuser1` VALUES ('Dorian Gartside', 'dgartside1e@google.nl');
INSERT INTO `regularuser1` VALUES ('Tucker Rablen', 'trablen1f@buzzfeed.com');
INSERT INTO `regularuser1` VALUES ('Waldo Kelberer', 'wkelberer1g@chron.com');
INSERT INTO `regularuser1` VALUES ('Lewiss Matt', 'lmatt1h@gov.uk');
INSERT INTO `regularuser1` VALUES ('Jo Machon', 'jmachon1i@webs.com');
INSERT INTO `regularuser1` VALUES ('Aarika Steeples', 'asteeples1j@1688.com');
INSERT INTO `regularuser1` VALUES ('Elspeth Garrison', 'egarrison1k@ibm.com');
INSERT INTO `regularuser1` VALUES ('Ursuline McFie', 'umcfie1l@quantcast.com');
INSERT INTO `regularuser1` VALUES ('Bron Elmhirst', 'belmhirst1m@zimbio.com');
INSERT INTO `regularuser1` VALUES ('Abbey Maden', 'amaden1n@dot.gov');
INSERT INTO `regularuser1` VALUES ('Rafaela Ashness', 'rashness1o@wordpress.com');
INSERT INTO `regularuser1` VALUES ('Bambi Yele', 'byele1p@google.ru');
INSERT INTO `regularuser1` VALUES ('Edeline Wiggam', 'ewiggam1q@51.la');
INSERT INTO `regularuser1` VALUES ('Wenonah Baike', 'wbaike1r@unesco.org');
INSERT INTO `regularuser1` VALUES ('Giusto Tagg', 'gtagg1s@ox.ac.uk');
INSERT INTO `regularuser1` VALUES ('Leland Order', 'lorder1t@tinypic.com');
INSERT INTO `regularuser1` VALUES ('Murry Krikorian', 'mkrikorian1u@aboutads.info');
INSERT INTO `regularuser1` VALUES ('Shalne Eltune', 'seltune1v@instagram.com');
INSERT INTO `regularuser1` VALUES ('Sullivan Kiddye', 'skiddye1w@jugem.jp');
INSERT INTO `regularuser1` VALUES ('Sapphira Brazenor', 'sbrazenor1x@home.pl');
INSERT INTO `regularuser1` VALUES ('Ollie Georgel', 'ogeorgel1y@cisco.com');
INSERT INTO `regularuser1` VALUES ('Kaylil Hanny', 'khanny1z@dell.com');
INSERT INTO `regularuser1` VALUES ('Dwight Udden', 'dudden20@google.ca');
INSERT INTO `regularuser1` VALUES ('Alonzo Blincoe', 'ablincoe21@squidoo.com');
INSERT INTO `regularuser1` VALUES ('Morna Ralston', 'mralston22@multiply.com');
INSERT INTO `regularuser1` VALUES ('Allx Bradnock', 'abradnock23@jalbum.net');
INSERT INTO `regularuser1` VALUES ('Courtney Philippet', 'cphilippet24@zimbio.com');
INSERT INTO `regularuser1` VALUES ('Werner Whiston', 'wwhiston25@ning.com');
INSERT INTO `regularuser1` VALUES ('Gay Allso', 'gallso26@facebook.com');
INSERT INTO `regularuser1` VALUES ('Celisse Bryning', 'cbryning27@fema.gov');
INSERT INTO `regularuser1` VALUES ('Teena Bushill', 'tbushill28@histats.com');
INSERT INTO `regularuser1` VALUES ('Saree Francis', 'sfrancis29@symantec.com');
INSERT INTO `regularuser1` VALUES ('Torry Hairs', 'thairs2a@msn.com');
INSERT INTO `regularuser1` VALUES ('Willi Grieve', 'wgrieve2b@surveymonkey.com');
INSERT INTO `regularuser1` VALUES ('Beck Copeland', 'bcopeland2c@smugmug.com');
INSERT INTO `regularuser1` VALUES ('Jennilee Favell', 'jfavell2d@so-net.ne.jp');
INSERT INTO `regularuser1` VALUES ('Reynard Sandy', 'rsandy2e@trellian.com');
INSERT INTO `regularuser1` VALUES ('Saunders Wintour', 'swintour2f@utexas.edu');
INSERT INTO `regularuser1` VALUES ('Matelda McAnulty', 'mmcanulty2g@webs.com');
INSERT INTO `regularuser1` VALUES ('Corliss Jerg', 'cjerg2h@storify.com');
INSERT INTO `regularuser1` VALUES ('Bunni Gantley', 'bgantley2i@mayoclinic.com');
INSERT INTO `regularuser1` VALUES ('Welch Merrikin', 'wmerrikin2j@drupal.org');
INSERT INTO `regularuser1` VALUES ('Steffen Haggith', 'shaggith2k@flickr.com');
INSERT INTO `regularuser1` VALUES ('Junie Bidewel', 'jbidewel2l@nasa.gov');
INSERT INTO `regularuser1` VALUES ('Phyllis Skyrme', 'pskyrme2m@livejournal.com');
INSERT INTO `regularuser1` VALUES ('Rosette Brimble', 'rbrimble2n@facebook.com');
INSERT INTO `regularuser1` VALUES ('Burg Amer', 'bamer2o@fastcompany.com');
INSERT INTO `regularuser1` VALUES ('Kelby Snailham', 'ksnailham2p@netscape.com');
INSERT INTO `regularuser1` VALUES ('Tad Elnough', 'telnough2q@t.co');
INSERT INTO `regularuser1` VALUES ('Krishna Preist', 'kpreist2r@godaddy.com');
INSERT INTO `regularuser1` VALUES ('Crichton Ragbourn', 'cragbourn2s@ustream.tv');
INSERT INTO `regularuser1` VALUES ('Chrystal McGrey', 'cmcgrey2t@wix.com');
INSERT INTO `regularuser1` VALUES ('Innis Lalonde', 'ilalonde2u@ca.gov');
INSERT INTO `regularuser1` VALUES ('Dud Buxcy', 'dbuxcy2v@hostgator.com');
INSERT INTO `regularuser1` VALUES ('Dagmar Gauford', 'dgauford2w@toplist.cz');
INSERT INTO `regularuser1` VALUES ('Raymund Povlsen', 'rpovlsen2x@state.gov');
INSERT INTO `regularuser1` VALUES ('Bobinette Bakhrushkin', 'bbakhrushkin2y@sakura.ne.jp');
INSERT INTO `regularuser1` VALUES ('Emelia Noblett', 'enoblett2z@alibaba.com');
INSERT INTO `regularuser1` VALUES ('Kerrin Murt', 'kmurt30@toplist.cz');
INSERT INTO `regularuser1` VALUES ('Fawn MacGowan', 'fmacgowan31@github.io');
INSERT INTO `regularuser1` VALUES ('Desmund Ruckledge', 'druckledge32@marketwatch.com');
INSERT INTO `regularuser1` VALUES ('Merissa Naismith', 'mnaismith33@xing.com');
INSERT INTO `regularuser1` VALUES ('Belvia Harverson', 'bharverson34@deviantart.com');
INSERT INTO `regularuser1` VALUES ('Weber Dadson', 'wdadson35@symantec.com');
INSERT INTO `regularuser1` VALUES ('Saree Akram', 'sakram36@imageshack.us');
INSERT INTO `regularuser1` VALUES ('Jacquelin Daens', 'jdaens37@mashable.com');
INSERT INTO `regularuser1` VALUES ('Sonny Pumphrey', 'spumphrey38@jigsy.com');
INSERT INTO `regularuser1` VALUES ('Hewett McLice', 'hmclice39@cnbc.com');
INSERT INTO `regularuser1` VALUES ('Ginny Labram', 'glabram3a@reuters.com');
INSERT INTO `regularuser1` VALUES ('Dalenna Dray', 'ddray3b@myspace.com');
INSERT INTO `regularuser1` VALUES ('Sandro Pasmore', 'spasmore3c@bluehost.com');
INSERT INTO `regularuser1` VALUES ('Thoma Krabbe', 'tkrabbe3d@noaa.gov');
INSERT INTO `regularuser1` VALUES ('Nina Cordeau]', 'ncordeau3e@sun.com');
INSERT INTO `regularuser1` VALUES ('Mahmoud Dutton', 'mdutton3f@google.es');
INSERT INTO `regularuser1` VALUES ('Ermengarde Bartalot', 'ebartalot3g@msu.edu');
INSERT INTO `regularuser1` VALUES ('Elliot MacConnal', 'emacconnal3h@si.edu');
INSERT INTO `regularuser1` VALUES ('Rene Paulucci', 'rpaulucci3i@oracle.com');
INSERT INTO `regularuser1` VALUES ('Oralia Barsam', 'obarsam3j@yahoo.co.jp');
INSERT INTO `regularuser1` VALUES ('Calv Caudwell', 'ccaudwell3k@over-blog.com');
INSERT INTO `regularuser1` VALUES ('Cassius Pothbury', 'cpothbury3l@dropbox.com');
INSERT INTO `regularuser1` VALUES ('Edie Chidler', 'echidler3m@techcrunch.com');
INSERT INTO `regularuser1` VALUES ('Ave Dexter', 'adexter3n@omniture.com');
INSERT INTO `regularuser1` VALUES ('Mellie Odeson', 'modeson3o@technorati.com');
INSERT INTO `regularuser1` VALUES ('Marney Masterton', 'mmasterton3p@japanpost.jp');
INSERT INTO `regularuser1` VALUES ('Mateo Pioli', 'mpioli3q@dyndns.org');
INSERT INTO `regularuser1` VALUES ('Kippy Lankford', 'klankford3r@yale.edu');
INSERT INTO `regularuser1` VALUES ('Ruggiero O Heyne', 'roheyne3s@ocn.ne.jp');
INSERT INTO `regularuser1` VALUES ('Brianne Escolme', 'bescolme3t@nbcnews.com');
INSERT INTO `regularuser1` VALUES ('Cody Marden', 'cmarden3u@ustream.tv');
INSERT INTO `regularuser1` VALUES ('Reube Bransdon', 'rbransdon3v@so-net.ne.jp');
INSERT INTO `regularuser1` VALUES ('Caresa Anderton', 'canderton3w@baidu.com');
INSERT INTO `regularuser1` VALUES ('Reed Ovey', 'rovey3x@livejournal.com');
INSERT INTO `regularuser1` VALUES ('Doreen Anchor', 'danchor3y@sciencedaily.com');
INSERT INTO `regularuser1` VALUES ('Andy Bonsall', 'abonsall3z@sohu.com');
INSERT INTO `regularuser1` VALUES ('Lynnette Blaxland', 'lblaxland40@elpais.com');
INSERT INTO `regularuser1` VALUES ('Imogen Cornell', 'icornell41@lulu.com');
INSERT INTO `regularuser1` VALUES ('Fowler Roddan', 'froddan42@smh.com.au');
INSERT INTO `regularuser1` VALUES ('Livvy Tapsfield', 'ltapsfield43@altervista.org');
INSERT INTO `regularuser1` VALUES ('Amery Yeldon', 'ayeldon44@artisteer.com');
INSERT INTO `regularuser1` VALUES ('Allina Chason', 'achason45@hibu.com');
INSERT INTO `regularuser1` VALUES ('Shelly Astles', 'sastles46@indiegogo.com');
INSERT INTO `regularuser1` VALUES ('Rorke Duggen', 'rduggen47@wix.com');
INSERT INTO `regularuser1` VALUES ('Hadleigh Beebis', 'hbeebis48@go.com');
INSERT INTO `regularuser1` VALUES ('Cassi Durbann', 'cdurbann49@vinaora.com');
INSERT INTO `regularuser1` VALUES ('Spenser Wennam', 'swennam4a@vinaora.com');
INSERT INTO `regularuser1` VALUES ('Rick Coade', 'rcoade4b@topsy.com');
INSERT INTO `regularuser1` VALUES ('Grazia Trorey', 'gtrorey4c@linkedin.com');
INSERT INTO `regularuser1` VALUES ('Claudina Lorans', 'clorans4d@mac.com');
INSERT INTO `regularuser1` VALUES ('Venus Bricknell', 'vbricknell4e@wired.com');
INSERT INTO `regularuser1` VALUES ('Fergus Bail', 'fbail4f@ebay.co.uk');
INSERT INTO `regularuser1` VALUES ('Weidar Keeton', 'wkeeton4g@amazon.de');
INSERT INTO `regularuser1` VALUES ('Rich Slatter', 'rslatter4h@wikipedia.org');
INSERT INTO `regularuser1` VALUES ('Cammy Andreu', 'candreu4i@infoseek.co.jp');
INSERT INTO `regularuser1` VALUES ('Ashil Scain', 'ascain4j@hubpages.com');
INSERT INTO `regularuser1` VALUES ('Renie Pulbrook', 'rpulbrook4k@yellowbook.com');
INSERT INTO `regularuser1` VALUES ('Jone Salling', 'jsalling4l@drupal.org');
INSERT INTO `regularuser1` VALUES ('Decca Aspinal', 'daspinal4m@skype.com');
INSERT INTO `regularuser1` VALUES ('Nerta Fallon', 'nfallon4n@vk.com');
INSERT INTO `regularuser1` VALUES ('Bartolemo Osband', 'bosband4o@linkedin.com');
INSERT INTO `regularuser1` VALUES ('Gillian de Wilde', 'gde4p@booking.com');
INSERT INTO `regularuser1` VALUES ('Collette Vasquez', 'cvasquez4q@ucoz.ru');
INSERT INTO `regularuser1` VALUES ('Brady Purry', 'bpurry4r@taobao.com');
INSERT INTO `regularuser1` VALUES ('Wanda Runge', 'wrunge4s@oracle.com');
INSERT INTO `regularuser1` VALUES ('Aldridge Pattinson', 'apattinson4t@dot.gov');
INSERT INTO `regularuser1` VALUES ('Nikolaus Jindrich', 'njindrich4u@adobe.com');
INSERT INTO `regularuser1` VALUES ('Norbie Petraitis', 'npetraitis4v@yellowpages.com');
INSERT INTO `regularuser1` VALUES ('Jake Hillatt', 'jhillatt4w@cdc.gov');
INSERT INTO `regularuser1` VALUES ('Julianna Punshon', 'jpunshon4x@phpbb.com');
INSERT INTO `regularuser1` VALUES ('Nicolas Bengough', 'nbengough4y@canalblog.com');
INSERT INTO `regularuser1` VALUES ('Noah Fewell', 'nfewell4z@digg.com');
INSERT INTO `regularuser1` VALUES ('Merry Ruller', 'mruller50@reverbnation.com');
INSERT INTO `regularuser1` VALUES ('Kassia Panner', 'kpanner51@microsoft.com');
INSERT INTO `regularuser1` VALUES ('Vassili Gammel', 'vgammel52@odnoklassniki.ru');
INSERT INTO `regularuser1` VALUES ('Alric Bohin', 'abohin53@mashable.com');
INSERT INTO `regularuser1` VALUES ('Toby Labuschagne', 'tlabuschagne54@uol.com.br');
INSERT INTO `regularuser1` VALUES ('Manfred Paddick', 'mpaddick55@weather.com');
INSERT INTO `regularuser1` VALUES ('Cherye Pimblott', 'cpimblott56@usda.gov');
INSERT INTO `regularuser1` VALUES ('Savina Berkely', 'sberkely57@163.com');
INSERT INTO `regularuser1` VALUES ('Gavra Wyd', 'gwyd58@economist.com');
INSERT INTO `regularuser1` VALUES ('Izak Coate', 'icoate59@netvibes.com');
INSERT INTO `regularuser1` VALUES ('Hugues Brockhurst', 'hbrockhurst5a@sun.com');
INSERT INTO `regularuser1` VALUES ('Katusha Wreford', 'kwreford5b@ameblo.jp');
INSERT INTO `regularuser1` VALUES ('Erika Prinnett', 'eprinnett5c@plala.or.jp');
INSERT INTO `regularuser1` VALUES ('Merrile Spaducci', 'mspaducci5d@wikispaces.com');
INSERT INTO `regularuser1` VALUES ('Euphemia Summerlie', 'esummerlie5e@hubpages.com');
INSERT INTO `regularuser1` VALUES ('Doralynn Sterndale', 'dsterndale5f@wordpress.com');
INSERT INTO `regularuser1` VALUES ('Helen-elizabeth Strond', 'hstrond5g@parallels.com');
INSERT INTO `regularuser1` VALUES ('John Wick', 'johnwick@thecontinental.com');

INSERT INTO `regularuser2` VALUES ('Amman Zaman', '1234 A St, Surrey BC');
INSERT INTO `regularuser2` VALUES ('Divyansh Singhal', '5671 B St, Burnaby BC');
INSERT INTO `regularuser2` VALUES ('Mourud Ahmed', '2353 C St, Vancouver BC');
INSERT INTO `regularuser2` VALUES ('Jessica Wang', '2123 CC Ave, Vancouver BC');
INSERT INTO `regularuser2` VALUES ('Lacota Graves', 'Ap #690-7833 Arcu. Rd.');
INSERT INTO `regularuser2` VALUES ('Tanek Hurley', '724-1982 Nulla St.');
INSERT INTO `regularuser2` VALUES ('Noel Mcfarland', 'P.O. Box 257, 3971 Dapibus Road');
INSERT INTO `regularuser2` VALUES ('Rowan Zimmerman', 'P.O. Box 955, 1886 Porttitor Street');
INSERT INTO `regularuser2` VALUES ('Ima Morton', '623-2187 Purus, Rd.');
INSERT INTO `regularuser2` VALUES ('Plato Beard', '901-2854 Eu St.');
INSERT INTO `regularuser2` VALUES ('Calvin Riggs', 'P.O. Box 796, 792 Suspendisse Rd.');
INSERT INTO `regularuser2` VALUES ('Leila Savage', 'P.O. Box 314, 1379 Sagittis. Road');
INSERT INTO `regularuser2` VALUES ('Burke Whitley', 'P.O. Box 214, 9037 Tincidunt Avenue');
INSERT INTO `regularuser2` VALUES ('Derek Walls', 'Ap #156-8021 Enim. Av.');
INSERT INTO `regularuser2` VALUES ('Vielka Kirk', 'Ap #957-5435 Donec Av.');
INSERT INTO `regularuser2` VALUES ('Brandon Charles', '484-1286 Natoque Avenue');
INSERT INTO `regularuser2` VALUES ('Tanisha Cabrera', 'P.O. Box 544, 6232 A, Rd.');
INSERT INTO `regularuser2` VALUES ('Raya Church', '411-2777 Justo St.');
INSERT INTO `regularuser2` VALUES ('Priscilla Vance', '7408 Eget Ave');
INSERT INTO `regularuser2` VALUES ('Wynne Dudley', '9645 Sodales Rd.');
INSERT INTO `regularuser2` VALUES ('Dolan Holder', '393-717 Adipiscing Av.');
INSERT INTO `regularuser2` VALUES ('Lara Maddox', '724-9063 Pede Avenue');
INSERT INTO `regularuser2` VALUES ('Alec Craig', 'Ap #461-7548 Dapibus Street');
INSERT INTO `regularuser2` VALUES ('Jacqueline Harmon', 'P.O. Box 458, 8363 Amet, Rd.');
INSERT INTO `regularuser2` VALUES ('Colin Casey', 'P.O. Box 451, 308 In St.');
INSERT INTO `regularuser2` VALUES ('Alfonso Greene', 'Ap #943-7762 Egestas. St.');
INSERT INTO `regularuser2` VALUES ('Dillon Gilbert', 'Ap #948-9894 Massa. Rd.');
INSERT INTO `regularuser2` VALUES ('Cody Stanley', '3831 Vestibulum Road');
INSERT INTO `regularuser2` VALUES ('Levi Morton', 'P.O. Box 229, 2753 Imperdiet Rd.');
INSERT INTO `regularuser2` VALUES ('Ila Hughes', '5663 In, Road');
INSERT INTO `regularuser2` VALUES ('Clayton Shannon', '310-8132 Accumsan Road');
INSERT INTO `regularuser2` VALUES ('Quinn Cross', 'P.O. Box 398, 5206 Fusce Ave');
INSERT INTO `regularuser2` VALUES ('Berk Brennan', '192-6536 Orci. Rd.');
INSERT INTO `regularuser2` VALUES ('Inga Padilla', 'Ap #849-2624 Sit Avenue');
INSERT INTO `regularuser2` VALUES ('Serena Serrano', 'P.O. Box 554, 9175 Libero. Rd.');
INSERT INTO `regularuser2` VALUES ('Colby Vance', 'Ap #159-3291 Velit St.');
INSERT INTO `regularuser2` VALUES ('Garrett Mayo', 'P.O. Box 137, 914 Sem Rd.');
INSERT INTO `regularuser2` VALUES ('Candace Lang', '6526 Magna. Road');
INSERT INTO `regularuser2` VALUES ('Wylie Burt', '833-2867 Placerat, Street');
INSERT INTO `regularuser2` VALUES ('Bruno Carver', '908-5350 Rhoncus. Ave');
INSERT INTO `regularuser2` VALUES ('Rana Whitney', '8455 Ante Ave');
INSERT INTO `regularuser2` VALUES ('Chloe Gordon', '973-2826 Adipiscing Rd.');
INSERT INTO `regularuser2` VALUES ('Robin Bradshaw', '2535 Interdum Ave');
INSERT INTO `regularuser2` VALUES ('Dahlia Stout', 'P.O. Box 964, 8223 Commodo Ave');
INSERT INTO `regularuser2` VALUES ('Samuel Mckay', '3132 Dignissim Rd.');
INSERT INTO `regularuser2` VALUES ('Kane Bruce', 'P.O. Box 403, 2202 Tellus. St.');
INSERT INTO `regularuser2` VALUES ('Jane Raymond', '583-4281 Auctor Av.');
INSERT INTO `regularuser2` VALUES ('Mariam Rosales', '243-8552 Phasellus Rd.');
INSERT INTO `regularuser2` VALUES ('Desiree Salas', 'P.O. Box 901, 5217 Consequat Av.');
INSERT INTO `regularuser2` VALUES ('Britanney Dyer', '686-5802 Nam Rd.');
INSERT INTO `regularuser2` VALUES ('Nolan Olson', '752-4969 Augue St.');
INSERT INTO `regularuser2` VALUES ('Eve Kidd', '644-8428 Odio Street');
INSERT INTO `regularuser2` VALUES ('Lynn English', '196-6156 Egestas Street');
INSERT INTO `regularuser2` VALUES ('Imogene Hodge', 'P.O. Box 510, 9173 Risus. Rd.');
INSERT INTO `regularuser2` VALUES ('Christen Norris', '2666 Ligula. Road');
INSERT INTO `regularuser2` VALUES ('Tiger Blair', '637-3552 Primis Street');
INSERT INTO `regularuser2` VALUES ('Risa Hill', 'Ap #306-8082 Ut Street');
INSERT INTO `regularuser2` VALUES ('Aquila Olson', '8246 Non, St.');
INSERT INTO `regularuser2` VALUES ('Claire Brooks', 'Ap #661-5303 Scelerisque Ave');
INSERT INTO `regularuser2` VALUES ('Russell Duran', '336 Tincidunt Av.');
INSERT INTO `regularuser2` VALUES ('Portia Lane', 'P.O. Box 385, 2284 Id Ave');
INSERT INTO `regularuser2` VALUES ('Jenette Richard', '666-5998 Nullam Rd.');
INSERT INTO `regularuser2` VALUES ('Kennan Herrera', 'P.O. Box 603, 5831 Sed Rd.');
INSERT INTO `regularuser2` VALUES ('Randall Porter', 'Ap #870-7081 Vitae Avenue');
INSERT INTO `regularuser2` VALUES ('Amal Velasquez', '631-9205 Metus Rd.');
INSERT INTO `regularuser2` VALUES ('Pearl Wynn', 'Ap #126-2480 Ipsum St.');
INSERT INTO `regularuser2` VALUES ('Daria Ray', '488-4208 Non, Avenue');
INSERT INTO `regularuser2` VALUES ('Fredericka Conway', 'P.O. Box 206, 715 Ut Street');
INSERT INTO `regularuser2` VALUES ('Gemma Valencia', '483-5173 Pede. Rd.');
INSERT INTO `regularuser2` VALUES ('Imogene Thomas', '6242 Quis Rd.');
INSERT INTO `regularuser2` VALUES ('Rina Sears', '9590 Diam Road');
INSERT INTO `regularuser2` VALUES ('Venus Britt', '9253 Eleifend Rd.');
INSERT INTO `regularuser2` VALUES ('Malik Pickett', 'Ap #582-6232 Vivamus St.');
INSERT INTO `regularuser2` VALUES ('Austin Robertson', 'P.O. Box 101, 2406 Interdum. Av.');
INSERT INTO `regularuser2` VALUES ('Heather Pruitt', 'Ap #686-9875 Metus. Av.');
INSERT INTO `regularuser2` VALUES ('Asher Mclean', 'P.O. Box 861, 4793 Interdum Av.');
INSERT INTO `regularuser2` VALUES ('Rhoda Parsons', '345-4752 Justo. Road');
INSERT INTO `regularuser2` VALUES ('Roth Donaldson', 'P.O. Box 295, 1739 Nascetur St.');
INSERT INTO `regularuser2` VALUES ('Giacomo Ray', '615-7208 Ac Ave');
INSERT INTO `regularuser2` VALUES ('Hayley Hodge', 'Ap #506-4942 Fermentum Rd.');
INSERT INTO `regularuser2` VALUES ('Hakeem Carney', '750-4376 Nec, Avenue');
INSERT INTO `regularuser2` VALUES ('Indira Porter', '1895 Est. Rd.');
INSERT INTO `regularuser2` VALUES ('Madeline Brooks', 'P.O. Box 321, 1305 Enim. Avenue');
INSERT INTO `regularuser2` VALUES ('Sylvia Mercado', '696-3375 Vestibulum St.');
INSERT INTO `regularuser2` VALUES ('Tad Aguilar', '943-2451 Interdum. Av.');
INSERT INTO `regularuser2` VALUES ('Harding Doyle', 'Ap #320-3795 Vehicula St.');
INSERT INTO `regularuser2` VALUES ('Daquan Robertson', 'P.O. Box 557, 6441 Suspendisse Road');
INSERT INTO `regularuser2` VALUES ('Wallace Mendoza', 'Ap #640-5547 Ac Road');
INSERT INTO `regularuser2` VALUES ('Connor Key', 'P.O. Box 584, 1862 Nec St.');
INSERT INTO `regularuser2` VALUES ('Hermione King', 'Ap #662-6650 Penatibus St.');
INSERT INTO `regularuser2` VALUES ('Anne Guzman', 'Ap #465-7398 Imperdiet, Avenue');
INSERT INTO `regularuser2` VALUES ('Quamar Harrell', 'Ap #641-7617 Dolor Rd.');
INSERT INTO `regularuser2` VALUES ('Dexter Campos', 'P.O. Box 624, 8769 Mauris, Av.');
INSERT INTO `regularuser2` VALUES ('Ariana Prince', '2848 Lorem St.');
INSERT INTO `regularuser2` VALUES ('Levi Mcbride', 'Ap #836-5599 Ipsum. St.');
INSERT INTO `regularuser2` VALUES ('Salvador Stanton', '251 Integer Road');
INSERT INTO `regularuser2` VALUES ('Aurelia Perry', '833-8314 Litora St.');
INSERT INTO `regularuser2` VALUES ('Lillith Moses', '3979 Cursus, Rd.');
INSERT INTO `regularuser2` VALUES ('Kirsten Franks', 'P.O. Box 536, 3092 Eu St.');
INSERT INTO `regularuser2` VALUES ('Rama Mcgowan', '721-2044 Nisl. Ave');
INSERT INTO `regularuser2` VALUES ('Chloe Sheppard', 'Ap #890-1284 Nulla. St.');
INSERT INTO `regularuser2` VALUES ('Victor Shepherd', '904-8343 Vestibulum Avenue');
INSERT INTO `regularuser2` VALUES ('Britanni Elliott', 'P.O. Box 933, 5156 Cras Av.');
INSERT INTO `regularuser2` VALUES ('Jamalia Holland', '7238 Et, Road');
INSERT INTO `regularuser2` VALUES ('Stanwood Edgler', '5068 Hazelcrest Terrace');
INSERT INTO `regularuser2` VALUES ('Margarete Beresford', '0467 Dapin Point');
INSERT INTO `regularuser2` VALUES ('Rowen Hastelow', '81 Northport Place');
INSERT INTO `regularuser2` VALUES ('Norrie Toderi', '9967 Kim Hill');
INSERT INTO `regularuser2` VALUES ('Andra Krammer', '7 Carpenter Parkway');
INSERT INTO `regularuser2` VALUES ('Zebulen Brookzie', '746 Summit Circle');
INSERT INTO `regularuser2` VALUES ('Tove Persian', '5936 Hanson Parkway');
INSERT INTO `regularuser2` VALUES ('Alissa Palphreyman', '55 Bartillon Hill');
INSERT INTO `regularuser2` VALUES ('Trix Hawkey', '135 Sunnyside Lane');
INSERT INTO `regularuser2` VALUES ('Margaretta Platt', '32735 Truax Court');
INSERT INTO `regularuser2` VALUES ('Elva Levinge', '0304 Rieder Terrace');
INSERT INTO `regularuser2` VALUES ('Alford Pinnegar', '8 Hintze Court');
INSERT INTO `regularuser2` VALUES ('Reamonn Cuttings', '56673 Northport Drive');
INSERT INTO `regularuser2` VALUES ('Phyllis Dougher', '3458 Waxwing Crossing');
INSERT INTO `regularuser2` VALUES ('Zeb Lilford', '42152 Gerald Hill');
INSERT INTO `regularuser2` VALUES ('Mychal Castagne', '82 Emmet Place');
INSERT INTO `regularuser2` VALUES ('Clarice Wrankmore', '48445 Everett Circle');
INSERT INTO `regularuser2` VALUES ('Moira Kingsnorth', '95985 Tennyson Place');
INSERT INTO `regularuser2` VALUES ('Sherill Korous', '70 Eagle Crest Avenue');
INSERT INTO `regularuser2` VALUES ('Austin Saxton', '614 Ridge Oak Plaza');
INSERT INTO `regularuser2` VALUES ('Merrielle Aspin', '21399 Orin Pass');
INSERT INTO `regularuser2` VALUES ('Melly Judge', '403 Upham Trail');
INSERT INTO `regularuser2` VALUES ('Angelika Bisacre', '7833 Summerview Park');
INSERT INTO `regularuser2` VALUES ('Hedi Teck', '748 Sherman Parkway');
INSERT INTO `regularuser2` VALUES ('Jessie Messingham', '649 Onsgard Junction');
INSERT INTO `regularuser2` VALUES ('Paton Mulmuray', '0 Coolidge Way');
INSERT INTO `regularuser2` VALUES ('Lanie Trimmell', '8 Transport Point');
INSERT INTO `regularuser2` VALUES ('Winnifred Matczak', '1984 Hanson Center');
INSERT INTO `regularuser2` VALUES ('Fabian Galfour', '9439 Meadow Ridge Center');
INSERT INTO `regularuser2` VALUES ('Cynthie Tuddenham', '21 Eastwood Parkway');
INSERT INTO `regularuser2` VALUES ('Broderick Stockell', '93 Warner Place');
INSERT INTO `regularuser2` VALUES ('Hamnet Cullingford', '008 Aberg Terrace');
INSERT INTO `regularuser2` VALUES ('Elnar Adamoli', '36072 Dapin Crossing');
INSERT INTO `regularuser2` VALUES ('Malia Collacombe', '07 Di Loreto Circle');
INSERT INTO `regularuser2` VALUES ('Cassandry Howel', '34 Sycamore Parkway');
INSERT INTO `regularuser2` VALUES ('Jasmine Doudney', '9 Gateway Trail');
INSERT INTO `regularuser2` VALUES ('Evelin Sillars', '120 Mosinee Court');
INSERT INTO `regularuser2` VALUES ('Elissa Parsisson', '45353 Pond Junction');
INSERT INTO `regularuser2` VALUES ('Alvin Bramah', '6 Packers Junction');
INSERT INTO `regularuser2` VALUES ('Keslie Giovannacci', '83 Farragut Plaza');
INSERT INTO `regularuser2` VALUES ('Mozes Burnhill', '28 Sunbrook Plaza');
INSERT INTO `regularuser2` VALUES ('Stephan Harbinson', '2337 Darwin Park');
INSERT INTO `regularuser2` VALUES ('Byran MacCulloch', '570 Kingsford Parkway');
INSERT INTO `regularuser2` VALUES ('Cyrus Tym', '08090 Ludington Parkway');
INSERT INTO `regularuser2` VALUES ('Danya Beacham', '524 Melrose Road');
INSERT INTO `regularuser2` VALUES ('Olga Baldassi', '96745 Hooker Pass');
INSERT INTO `regularuser2` VALUES ('Dinah Rameaux', '3 Roxbury Alley');
INSERT INTO `regularuser2` VALUES ('Bobette Ricciardelli', '13864 Express Hill');
INSERT INTO `regularuser2` VALUES ('Willem Van der Hoven', '408 Moulton Lane');
INSERT INTO `regularuser2` VALUES ('Martguerita Hotton', '158 Messerschmidt Pass');
INSERT INTO `regularuser2` VALUES ('Dorian Gartside', '10 Glacier Hill Avenue');
INSERT INTO `regularuser2` VALUES ('Tucker Rablen', '00 Hoffman Trail');
INSERT INTO `regularuser2` VALUES ('Waldo Kelberer', '26 Scofield Circle');
INSERT INTO `regularuser2` VALUES ('Lewiss Matt', '92 Golf Course Hill');
INSERT INTO `regularuser2` VALUES ('Jo Machon', '5859 Lerdahl Junction');
INSERT INTO `regularuser2` VALUES ('Aarika Steeples', '8 Saint Paul Hill');
INSERT INTO `regularuser2` VALUES ('Elspeth Garrison', '277 Kipling Point');
INSERT INTO `regularuser2` VALUES ('Ursuline McFie', '55178 North Road');
INSERT INTO `regularuser2` VALUES ('Bron Elmhirst', '64 Veith Center');
INSERT INTO `regularuser2` VALUES ('Abbey Maden', '98486 Arizona Court');
INSERT INTO `regularuser2` VALUES ('Rafaela Ashness', '546 Rowland Parkway');
INSERT INTO `regularuser2` VALUES ('Bambi Yele', '32 Starling Court');
INSERT INTO `regularuser2` VALUES ('Edeline Wiggam', '0699 Westridge Alley');
INSERT INTO `regularuser2` VALUES ('Wenonah Baike', '274 Vermont Drive');
INSERT INTO `regularuser2` VALUES ('Giusto Tagg', '0 Lakewood Gardens Alley');
INSERT INTO `regularuser2` VALUES ('Leland Order', '0384 John Wall Lane');
INSERT INTO `regularuser2` VALUES ('Murry Krikorian', '385 Clemons Center');
INSERT INTO `regularuser2` VALUES ('Shalne Eltune', '9158 Village Green Hill');
INSERT INTO `regularuser2` VALUES ('Sullivan Kiddye', '6159 Doe Crossing Street');
INSERT INTO `regularuser2` VALUES ('Sapphira Brazenor', '1 Grim Crossing');
INSERT INTO `regularuser2` VALUES ('Ollie Georgel', '1844 Dayton Avenue');
INSERT INTO `regularuser2` VALUES ('Kaylil Hanny', '7904 Union Court');
INSERT INTO `regularuser2` VALUES ('Dwight Udden', '00088 Maple Crossing');
INSERT INTO `regularuser2` VALUES ('Alonzo Blincoe', '3 Derek Trail');
INSERT INTO `regularuser2` VALUES ('Morna Ralston', '664 Emmet Park');
INSERT INTO `regularuser2` VALUES ('Allx Bradnock', '71 Duke Lane');
INSERT INTO `regularuser2` VALUES ('Courtney Philippet', '8 Londonderry Terrace');
INSERT INTO `regularuser2` VALUES ('Werner Whiston', '8 Mariners Cove Road');
INSERT INTO `regularuser2` VALUES ('Gay Allso', '2707 Southridge Point');
INSERT INTO `regularuser2` VALUES ('Celisse Bryning', '51 Parkside Point');
INSERT INTO `regularuser2` VALUES ('Teena Bushill', '8 Orin Park');
INSERT INTO `regularuser2` VALUES ('Saree Francis', '284 Del Mar Way');
INSERT INTO `regularuser2` VALUES ('Torry Hairs', '1 Charing Cross Center');
INSERT INTO `regularuser2` VALUES ('Willi Grieve', '625 Gerald Plaza');
INSERT INTO `regularuser2` VALUES ('Beck Copeland', '086 Delaware Point');
INSERT INTO `regularuser2` VALUES ('Jennilee Favell', '9845 American Lane');
INSERT INTO `regularuser2` VALUES ('Reynard Sandy', '2963 Shelley Point');
INSERT INTO `regularuser2` VALUES ('Saunders Wintour', '08 Oneill Street');
INSERT INTO `regularuser2` VALUES ('Matelda McAnulty', '9249 Hoepker Center');
INSERT INTO `regularuser2` VALUES ('Corliss Jerg', '14 Dixon Crossing');
INSERT INTO `regularuser2` VALUES ('Bunni Gantley', '19745 Logan Park');
INSERT INTO `regularuser2` VALUES ('Welch Merrikin', '6 Shasta Point');
INSERT INTO `regularuser2` VALUES ('Steffen Haggith', '520 Bay Park');
INSERT INTO `regularuser2` VALUES ('Junie Bidewel', '73 Coolidge Circle');
INSERT INTO `regularuser2` VALUES ('Phyllis Skyrme', '9948 Warrior Road');
INSERT INTO `regularuser2` VALUES ('Rosette Brimble', '27 Hoard Center');
INSERT INTO `regularuser2` VALUES ('Burg Amer', '59702 Pine View Center');
INSERT INTO `regularuser2` VALUES ('Kelby Snailham', '45909 Sommers Park');
INSERT INTO `regularuser2` VALUES ('Tad Elnough', '55 Lukken Avenue');
INSERT INTO `regularuser2` VALUES ('Krishna Preist', '4 Surrey Avenue');
INSERT INTO `regularuser2` VALUES ('Crichton Ragbourn', '38259 Grasskamp Alley');
INSERT INTO `regularuser2` VALUES ('Chrystal McGrey', '5 Ridge Oak Road');
INSERT INTO `regularuser2` VALUES ('Innis Lalonde', '91418 Westend Trail');
INSERT INTO `regularuser2` VALUES ('Dud Buxcy', '8 Golf Course Avenue');
INSERT INTO `regularuser2` VALUES ('Dagmar Gauford', '3 Waubesa Junction');
INSERT INTO `regularuser2` VALUES ('Raymund Povlsen', '8 Butternut Circle');
INSERT INTO `regularuser2` VALUES ('Bobinette Bakhrushkin', '940 Packers Circle');
INSERT INTO `regularuser2` VALUES ('Emelia Noblett', '96453 Spenser Point');
INSERT INTO `regularuser2` VALUES ('Kerrin Murt', '5 Bunting Drive');
INSERT INTO `regularuser2` VALUES ('Fawn MacGowan', '6442 Crescent Oaks Center');
INSERT INTO `regularuser2` VALUES ('Desmund Ruckledge', '240 Sloan Plaza');
INSERT INTO `regularuser2` VALUES ('Merissa Naismith', '12846 Kinsman Junction');
INSERT INTO `regularuser2` VALUES ('Belvia Harverson', '50302 Buell Hill');
INSERT INTO `regularuser2` VALUES ('Weber Dadson', '35 Heath Drive');
INSERT INTO `regularuser2` VALUES ('Saree Akram', '07536 Beilfuss Alley');
INSERT INTO `regularuser2` VALUES ('Jacquelin Daens', '5509 Debs Terrace');
INSERT INTO `regularuser2` VALUES ('Sonny Pumphrey', '83 Crownhardt Park');
INSERT INTO `regularuser2` VALUES ('Hewett McLice', '42 Vahlen Hill');
INSERT INTO `regularuser2` VALUES ('Ginny Labram', '21522 Birchwood Crossing');
INSERT INTO `regularuser2` VALUES ('Dalenna Dray', '91 International Center');
INSERT INTO `regularuser2` VALUES ('Sandro Pasmore', '53543 Fair Oaks Hill');
INSERT INTO `regularuser2` VALUES ('Thoma Krabbe', '90100 Rockefeller Hill');
INSERT INTO `regularuser2` VALUES ('Nina Cordeau]', '3 Paget Court');
INSERT INTO `regularuser2` VALUES ('Mahmoud Dutton', '35513 Troy Parkway');
INSERT INTO `regularuser2` VALUES ('Ermengarde Bartalot', '9 Browning Plaza');
INSERT INTO `regularuser2` VALUES ('Elliot MacConnal', '5325 Declaration Point');
INSERT INTO `regularuser2` VALUES ('Rene Paulucci', '9 Mccormick Park');
INSERT INTO `regularuser2` VALUES ('Oralia Barsam', '50 Butternut Point');
INSERT INTO `regularuser2` VALUES ('Calv Caudwell', '2423 Dakota Lane');
INSERT INTO `regularuser2` VALUES ('Cassius Pothbury', '729 Stang Center');
INSERT INTO `regularuser2` VALUES ('Edie Chidler', '26418 Rutledge Avenue');
INSERT INTO `regularuser2` VALUES ('Ave Dexter', '62341 Pine View Hill');
INSERT INTO `regularuser2` VALUES ('Mellie Odeson', '022 Roxbury Junction');
INSERT INTO `regularuser2` VALUES ('Marney Masterton', '17312 Vahlen Drive');
INSERT INTO `regularuser2` VALUES ('Mateo Pioli', '80 Walton Crossing');
INSERT INTO `regularuser2` VALUES ('Kippy Lankford', '03 Bonner Pass');
INSERT INTO `regularuser2` VALUES ('Ruggiero O Heyne', '520 Bellgrove Junction');
INSERT INTO `regularuser2` VALUES ('Brianne Escolme', '47 Esker Street');
INSERT INTO `regularuser2` VALUES ('Cody Marden', '21 Nevada Circle');
INSERT INTO `regularuser2` VALUES ('Reube Bransdon', '9 Macpherson Terrace');
INSERT INTO `regularuser2` VALUES ('Caresa Anderton', '9 Crest Line Street');
INSERT INTO `regularuser2` VALUES ('Reed Ovey', '1 Elmside Street');
INSERT INTO `regularuser2` VALUES ('Doreen Anchor', '75107 Oxford Court');
INSERT INTO `regularuser2` VALUES ('Andy Bonsall', '29 Kingsford Terrace');
INSERT INTO `regularuser2` VALUES ('Lynnette Blaxland', '97133 Bartillon Plaza');
INSERT INTO `regularuser2` VALUES ('Imogen Cornell', '02 Bultman Drive');
INSERT INTO `regularuser2` VALUES ('Fowler Roddan', '7 Cody Road');
INSERT INTO `regularuser2` VALUES ('Livvy Tapsfield', '020 Glacier Hill Center');
INSERT INTO `regularuser2` VALUES ('Amery Yeldon', '295 Amoth Hill');
INSERT INTO `regularuser2` VALUES ('Allina Chason', '92287 Michigan Way');
INSERT INTO `regularuser2` VALUES ('Shelly Astles', '5 Crescent Oaks Crossing');
INSERT INTO `regularuser2` VALUES ('Rorke Duggen', '629 Oriole Avenue');
INSERT INTO `regularuser2` VALUES ('Hadleigh Beebis', '59 Portage Drive');
INSERT INTO `regularuser2` VALUES ('Cassi Durbann', '443 Dwight Junction');
INSERT INTO `regularuser2` VALUES ('Spenser Wennam', '65101 Buhler Parkway');
INSERT INTO `regularuser2` VALUES ('Rick Coade', '4392 Bunker Hill Terrace');
INSERT INTO `regularuser2` VALUES ('Grazia Trorey', '96150 Westridge Trail');
INSERT INTO `regularuser2` VALUES ('Claudina Lorans', '01055 Arapahoe Road');
INSERT INTO `regularuser2` VALUES ('Venus Bricknell', '210 Arrowood Alley');
INSERT INTO `regularuser2` VALUES ('Fergus Bail', '1 Donald Road');
INSERT INTO `regularuser2` VALUES ('Weidar Keeton', '7 Loeprich Street');
INSERT INTO `regularuser2` VALUES ('Rich Slatter', '55 Melrose Street');
INSERT INTO `regularuser2` VALUES ('Cammy Andreu', '0 Tony Alley');
INSERT INTO `regularuser2` VALUES ('Ashil Scain', '636 Armistice Court');
INSERT INTO `regularuser2` VALUES ('Renie Pulbrook', '95922 Rieder Center');
INSERT INTO `regularuser2` VALUES ('Jone Salling', '6884 Ruskin Alley');
INSERT INTO `regularuser2` VALUES ('Decca Aspinal', '116 Mcbride Point');
INSERT INTO `regularuser2` VALUES ('Nerta Fallon', '3530 Namekagon Circle');
INSERT INTO `regularuser2` VALUES ('Bartolemo Osband', '58738 Oakridge Trail');
INSERT INTO `regularuser2` VALUES ('Gillian de Wilde', '46 Grayhawk Trail');
INSERT INTO `regularuser2` VALUES ('Collette Vasquez', '78958 Barnett Way');
INSERT INTO `regularuser2` VALUES ('Brady Purry', '96453 Jackson Court');
INSERT INTO `regularuser2` VALUES ('Wanda Runge', '78410 Morrow Pass');
INSERT INTO `regularuser2` VALUES ('Aldridge Pattinson', '7626 Bunker Hill Court');
INSERT INTO `regularuser2` VALUES ('Nikolaus Jindrich', '170 Hooker Center');
INSERT INTO `regularuser2` VALUES ('Norbie Petraitis', '37 Springs Point');
INSERT INTO `regularuser2` VALUES ('Jake Hillatt', '42 8th Avenue');
INSERT INTO `regularuser2` VALUES ('Julianna Punshon', '8588 Ridgeway Junction');
INSERT INTO `regularuser2` VALUES ('Nicolas Bengough', '85336 Messerschmidt Trail');
INSERT INTO `regularuser2` VALUES ('Noah Fewell', '6 Summit Circle');
INSERT INTO `regularuser2` VALUES ('Merry Ruller', '308 Hovde Lane');
INSERT INTO `regularuser2` VALUES ('Kassia Panner', '23944 Randy Street');
INSERT INTO `regularuser2` VALUES ('Vassili Gammel', '6 Bluejay Plaza');
INSERT INTO `regularuser2` VALUES ('Alric Bohin', '0 Claremont Way');
INSERT INTO `regularuser2` VALUES ('Toby Labuschagne', '6 Hooker Hill');
INSERT INTO `regularuser2` VALUES ('Manfred Paddick', '033 Northport Street');
INSERT INTO `regularuser2` VALUES ('Cherye Pimblott', '38 West Terrace');
INSERT INTO `regularuser2` VALUES ('Savina Berkely', '2701 Ridgeway Court');
INSERT INTO `regularuser2` VALUES ('Gavra Wyd', '905 Mallory Avenue');
INSERT INTO `regularuser2` VALUES ('Izak Coate', '99 Hoepker Plaza');
INSERT INTO `regularuser2` VALUES ('Hugues Brockhurst', '635 Jay Circle');
INSERT INTO `regularuser2` VALUES ('Katusha Wreford', '3 Drewry Point');
INSERT INTO `regularuser2` VALUES ('Erika Prinnett', '485 Sloan Place');
INSERT INTO `regularuser2` VALUES ('Merrile Spaducci', '5025 Shelley Junction');
INSERT INTO `regularuser2` VALUES ('Euphemia Summerlie', '48413 Nevada Trail');
INSERT INTO `regularuser2` VALUES ('Doralynn Sterndale', '1 Butternut Place');
INSERT INTO `regularuser2` VALUES ('Helen-elizabeth Strond', '56 Stoughton Drive');
INSERT INTO `regularuser2` VALUES ('John Wick', '6554 F St, New York City NY');

INSERT INTO `regularuser3` VALUES (2344, 'Amman Zaman');
INSERT INTO `regularuser3` VALUES (4345, 'Divyansh Singhal');
INSERT INTO `regularuser3` VALUES (5645, 'Mourud Ahmed');
INSERT INTO `regularuser3` VALUES (3252, 'Jessica Wang');
INSERT INTO `regularuser3` VALUES (8827, 'Lacota Graves');
INSERT INTO `regularuser3` VALUES (8956, 'Tanek Hurley');
INSERT INTO `regularuser3` VALUES (8388, 'Noel Mcfarland');
INSERT INTO `regularuser3` VALUES (7898, 'Rowan Zimmerman');
INSERT INTO `regularuser3` VALUES (6536, 'Ima Morton');
INSERT INTO `regularuser3` VALUES (7031, 'Plato Beard');
INSERT INTO `regularuser3` VALUES (8973, 'Calvin Riggs');
INSERT INTO `regularuser3` VALUES (9829, 'Leila Savage');
INSERT INTO `regularuser3` VALUES (6970, 'Burke Whitley');
INSERT INTO `regularuser3` VALUES (8148, 'Derek Walls');
INSERT INTO `regularuser3` VALUES (6999, 'Vielka Kirk');
INSERT INTO `regularuser3` VALUES (6050, 'Brandon Charles');
INSERT INTO `regularuser3` VALUES (8864, 'Tanisha Cabrera');
INSERT INTO `regularuser3` VALUES (7604, 'Raya Church');
INSERT INTO `regularuser3` VALUES (7538, 'Priscilla Vance');
INSERT INTO `regularuser3` VALUES (7061, 'Wynne Dudley');
INSERT INTO `regularuser3` VALUES (6015, 'Dolan Holder');
INSERT INTO `regularuser3` VALUES (7888, 'Lara Maddox');
INSERT INTO `regularuser3` VALUES (6248, 'Alec Craig');
INSERT INTO `regularuser3` VALUES (6541, 'Jacqueline Harmon');
INSERT INTO `regularuser3` VALUES (7340, 'Colin Casey');
INSERT INTO `regularuser3` VALUES (9317, 'Alfonso Greene');
INSERT INTO `regularuser3` VALUES (6342, 'Dillon Gilbert');
INSERT INTO `regularuser3` VALUES (9901, 'Cody Stanley');
INSERT INTO `regularuser3` VALUES (9237, 'Levi Morton');
INSERT INTO `regularuser3` VALUES (8191, 'Ila Hughes');
INSERT INTO `regularuser3` VALUES (6940, 'Clayton Shannon');
INSERT INTO `regularuser3` VALUES (9444, 'Quinn Cross');
INSERT INTO `regularuser3` VALUES (8939, 'Berk Brennan');
INSERT INTO `regularuser3` VALUES (7649, 'Inga Padilla');
INSERT INTO `regularuser3` VALUES (9031, 'Serena Serrano');
INSERT INTO `regularuser3` VALUES (9438, 'Colby Vance');
INSERT INTO `regularuser3` VALUES (7695, 'Garrett Mayo');
INSERT INTO `regularuser3` VALUES (6464, 'Candace Lang');
INSERT INTO `regularuser3` VALUES (7188, 'Wylie Burt');
INSERT INTO `regularuser3` VALUES (9402, 'Bruno Carver');
INSERT INTO `regularuser3` VALUES (6238, 'Rana Whitney');
INSERT INTO `regularuser3` VALUES (6980, 'Chloe Gordon');
INSERT INTO `regularuser3` VALUES (8484, 'Robin Bradshaw');
INSERT INTO `regularuser3` VALUES (8772, 'Dahlia Stout');
INSERT INTO `regularuser3` VALUES (9801, 'Samuel Mckay');
INSERT INTO `regularuser3` VALUES (8320, 'Kane Bruce');
INSERT INTO `regularuser3` VALUES (7312, 'Jane Raymond');
INSERT INTO `regularuser3` VALUES (8358, 'Mariam Rosales');
INSERT INTO `regularuser3` VALUES (7086, 'Desiree Salas');
INSERT INTO `regularuser3` VALUES (6927, 'Britanney Dyer');
INSERT INTO `regularuser3` VALUES (6004, 'Nolan Olson');
INSERT INTO `regularuser3` VALUES (6858, 'Eve Kidd');
INSERT INTO `regularuser3` VALUES (7820, 'Lynn English');
INSERT INTO `regularuser3` VALUES (7478, 'Imogene Hodge');
INSERT INTO `regularuser3` VALUES (7591, 'Christen Norris');
INSERT INTO `regularuser3` VALUES (9765, 'Tiger Blair');
INSERT INTO `regularuser3` VALUES (7379, 'Risa Hill');
INSERT INTO `regularuser3` VALUES (8952, 'Aquila Olson');
INSERT INTO `regularuser3` VALUES (7500, 'Claire Brooks');
INSERT INTO `regularuser3` VALUES (6656, 'Russell Duran');
INSERT INTO `regularuser3` VALUES (9369, 'Portia Lane');
INSERT INTO `regularuser3` VALUES (8780, 'Jenette Richard');
INSERT INTO `regularuser3` VALUES (9660, 'Kennan Herrera');
INSERT INTO `regularuser3` VALUES (9029, 'Randall Porter');
INSERT INTO `regularuser3` VALUES (8437, 'Amal Velasquez');
INSERT INTO `regularuser3` VALUES (6017, 'Pearl Wynn');
INSERT INTO `regularuser3` VALUES (8232, 'Daria Ray');
INSERT INTO `regularuser3` VALUES (6865, 'Fredericka Conway');
INSERT INTO `regularuser3` VALUES (7844, 'Gemma Valencia');
INSERT INTO `regularuser3` VALUES (9900, 'Imogene Thomas');
INSERT INTO `regularuser3` VALUES (9936, 'Rina Sears');
INSERT INTO `regularuser3` VALUES (6046, 'Venus Britt');
INSERT INTO `regularuser3` VALUES (8344, 'Malik Pickett');
INSERT INTO `regularuser3` VALUES (9506, 'Austin Robertson');
INSERT INTO `regularuser3` VALUES (9563, 'Heather Pruitt');
INSERT INTO `regularuser3` VALUES (6123, 'Asher Mclean');
INSERT INTO `regularuser3` VALUES (6850, 'Rhoda Parsons');
INSERT INTO `regularuser3` VALUES (7759, 'Roth Donaldson');
INSERT INTO `regularuser3` VALUES (7435, 'Giacomo Ray');
INSERT INTO `regularuser3` VALUES (9876, 'Hayley Hodge');
INSERT INTO `regularuser3` VALUES (8884, 'Hakeem Carney');
INSERT INTO `regularuser3` VALUES (8617, 'Indira Porter');
INSERT INTO `regularuser3` VALUES (8630, 'Madeline Brooks');
INSERT INTO `regularuser3` VALUES (8456, 'Sylvia Mercado');
INSERT INTO `regularuser3` VALUES (9229, 'Tad Aguilar');
INSERT INTO `regularuser3` VALUES (8638, 'Harding Doyle');
INSERT INTO `regularuser3` VALUES (6106, 'Daquan Robertson');
INSERT INTO `regularuser3` VALUES (6951, 'Wallace Mendoza');
INSERT INTO `regularuser3` VALUES (6788, 'Connor Key');
INSERT INTO `regularuser3` VALUES (7999, 'Hermione King');
INSERT INTO `regularuser3` VALUES (9625, 'Anne Guzman');
INSERT INTO `regularuser3` VALUES (7473, 'Quamar Harrell');
INSERT INTO `regularuser3` VALUES (8336, 'Dexter Campos');
INSERT INTO `regularuser3` VALUES (3490, 'Ariana Prince');
INSERT INTO `regularuser3` VALUES (8270, 'Levi Mcbride');
INSERT INTO `regularuser3` VALUES (9095, 'Salvador Stanton');
INSERT INTO `regularuser3` VALUES (9972, 'Aurelia Perry');
INSERT INTO `regularuser3` VALUES (9042, 'Lillith Moses');
INSERT INTO `regularuser3` VALUES (6608, 'Kirsten Franks');
INSERT INTO `regularuser3` VALUES (8766, 'Rama Mcgowan');
INSERT INTO `regularuser3` VALUES (9107, 'Chloe Sheppard');
INSERT INTO `regularuser3` VALUES (9813, 'Victor Shepherd');
INSERT INTO `regularuser3` VALUES (8694, 'Britanni Elliott');
INSERT INTO `regularuser3` VALUES (9606, 'Jamalia Holland');
INSERT INTO `regularuser3` VALUES (20001, 'Stanwood Edgler');
INSERT INTO `regularuser3` VALUES (20002, 'Margarete Beresford');
INSERT INTO `regularuser3` VALUES (20003, 'Rowen Hastelow');
INSERT INTO `regularuser3` VALUES (20004, 'Norrie Toderi');
INSERT INTO `regularuser3` VALUES (20005, 'Andra Krammer');
INSERT INTO `regularuser3` VALUES (20006, 'Zebulen Brookzie');
INSERT INTO `regularuser3` VALUES (20007, 'Tove Persian');
INSERT INTO `regularuser3` VALUES (20008, 'Alissa Palphreyman');
INSERT INTO `regularuser3` VALUES (20009, 'Trix Hawkey');
INSERT INTO `regularuser3` VALUES (20010, 'Margaretta Platt');
INSERT INTO `regularuser3` VALUES (20011, 'Elva Levinge');
INSERT INTO `regularuser3` VALUES (20012, 'Alford Pinnegar');
INSERT INTO `regularuser3` VALUES (20013, 'Reamonn Cuttings');
INSERT INTO `regularuser3` VALUES (20014, 'Phyllis Dougher');
INSERT INTO `regularuser3` VALUES (20015, 'Zeb Lilford');
INSERT INTO `regularuser3` VALUES (20016, 'Mychal Castagne');
INSERT INTO `regularuser3` VALUES (20017, 'Clarice Wrankmore');
INSERT INTO `regularuser3` VALUES (20018, 'Moira Kingsnorth');
INSERT INTO `regularuser3` VALUES (20019, 'Sherill Korous');
INSERT INTO `regularuser3` VALUES (20020, 'Austin Saxton');
INSERT INTO `regularuser3` VALUES (20021, 'Merrielle Aspin');
INSERT INTO `regularuser3` VALUES (20022, 'Melly Judge');
INSERT INTO `regularuser3` VALUES (20023, 'Angelika Bisacre');
INSERT INTO `regularuser3` VALUES (20024, 'Hedi Teck');
INSERT INTO `regularuser3` VALUES (20025, 'Jessie Messingham');
INSERT INTO `regularuser3` VALUES (20026, 'Paton Mulmuray');
INSERT INTO `regularuser3` VALUES (20027, 'Lanie Trimmell');
INSERT INTO `regularuser3` VALUES (20028, 'Winnifred Matczak');
INSERT INTO `regularuser3` VALUES (20029, 'Fabian Galfour');
INSERT INTO `regularuser3` VALUES (20030, 'Cynthie Tuddenham');
INSERT INTO `regularuser3` VALUES (20031, 'Broderick Stockell');
INSERT INTO `regularuser3` VALUES (20032, 'Hamnet Cullingford');
INSERT INTO `regularuser3` VALUES (20033, 'Elnar Adamoli');
INSERT INTO `regularuser3` VALUES (20034, 'Malia Collacombe');
INSERT INTO `regularuser3` VALUES (20035, 'Cassandry Howel');
INSERT INTO `regularuser3` VALUES (20036, 'Jasmine Doudney');
INSERT INTO `regularuser3` VALUES (20037, 'Evelin Sillars');
INSERT INTO `regularuser3` VALUES (20038, 'Elissa Parsisson');
INSERT INTO `regularuser3` VALUES (20039, 'Alvin Bramah');
INSERT INTO `regularuser3` VALUES (20040, 'Keslie Giovannacci');
INSERT INTO `regularuser3` VALUES (20041, 'Mozes Burnhill');
INSERT INTO `regularuser3` VALUES (20042, 'Stephan Harbinson');
INSERT INTO `regularuser3` VALUES (20043, 'Byran MacCulloch');
INSERT INTO `regularuser3` VALUES (20044, 'Cyrus Tym');
INSERT INTO `regularuser3` VALUES (20045, 'Danya Beacham');
INSERT INTO `regularuser3` VALUES (20046, 'Olga Baldassi');
INSERT INTO `regularuser3` VALUES (20047, 'Dinah Rameaux');
INSERT INTO `regularuser3` VALUES (20048, 'Bobette Ricciardelli');
INSERT INTO `regularuser3` VALUES (20049, 'Willem Van der Hoven');
INSERT INTO `regularuser3` VALUES (20050, 'Martguerita Hotton');
INSERT INTO `regularuser3` VALUES (20051, 'Dorian Gartside');
INSERT INTO `regularuser3` VALUES (20052, 'Tucker Rablen');
INSERT INTO `regularuser3` VALUES (20053, 'Waldo Kelberer');
INSERT INTO `regularuser3` VALUES (20054, 'Lewiss Matt');
INSERT INTO `regularuser3` VALUES (20055, 'Jo Machon');
INSERT INTO `regularuser3` VALUES (20056, 'Aarika Steeples');
INSERT INTO `regularuser3` VALUES (20057, 'Elspeth Garrison');
INSERT INTO `regularuser3` VALUES (20058, 'Ursuline McFie');
INSERT INTO `regularuser3` VALUES (20059, 'Bron Elmhirst');
INSERT INTO `regularuser3` VALUES (20060, 'Abbey Maden');
INSERT INTO `regularuser3` VALUES (20061, 'Rafaela Ashness');
INSERT INTO `regularuser3` VALUES (20062, 'Bambi Yele');
INSERT INTO `regularuser3` VALUES (20063, 'Edeline Wiggam');
INSERT INTO `regularuser3` VALUES (20064, 'Wenonah Baike');
INSERT INTO `regularuser3` VALUES (20065, 'Giusto Tagg');
INSERT INTO `regularuser3` VALUES (20066, 'Leland Order');
INSERT INTO `regularuser3` VALUES (20067, 'Murry Krikorian');
INSERT INTO `regularuser3` VALUES (20068, 'Shalne Eltune');
INSERT INTO `regularuser3` VALUES (20069, 'Sullivan Kiddye');
INSERT INTO `regularuser3` VALUES (20070, 'Sapphira Brazenor');
INSERT INTO `regularuser3` VALUES (20071, 'Ollie Georgel');
INSERT INTO `regularuser3` VALUES (20072, 'Kaylil Hanny');
INSERT INTO `regularuser3` VALUES (20073, 'Dwight Udden');
INSERT INTO `regularuser3` VALUES (20074, 'Alonzo Blincoe');
INSERT INTO `regularuser3` VALUES (20075, 'Morna Ralston');
INSERT INTO `regularuser3` VALUES (20076, 'Allx Bradnock');
INSERT INTO `regularuser3` VALUES (20077, 'Courtney Philippet');
INSERT INTO `regularuser3` VALUES (20078, 'Werner Whiston');
INSERT INTO `regularuser3` VALUES (20079, 'Gay Allso');
INSERT INTO `regularuser3` VALUES (20080, 'Celisse Bryning');
INSERT INTO `regularuser3` VALUES (20081, 'Teena Bushill');
INSERT INTO `regularuser3` VALUES (20082, 'Saree Francis');
INSERT INTO `regularuser3` VALUES (20083, 'Torry Hairs');
INSERT INTO `regularuser3` VALUES (20084, 'Willi Grieve');
INSERT INTO `regularuser3` VALUES (20085, 'Beck Copeland');
INSERT INTO `regularuser3` VALUES (20086, 'Jennilee Favell');
INSERT INTO `regularuser3` VALUES (20087, 'Reynard Sandy');
INSERT INTO `regularuser3` VALUES (20088, 'Saunders Wintour');
INSERT INTO `regularuser3` VALUES (20089, 'Matelda McAnulty');
INSERT INTO `regularuser3` VALUES (20090, 'Corliss Jerg');
INSERT INTO `regularuser3` VALUES (20091, 'Bunni Gantley');
INSERT INTO `regularuser3` VALUES (20092, 'Welch Merrikin');
INSERT INTO `regularuser3` VALUES (20093, 'Steffen Haggith');
INSERT INTO `regularuser3` VALUES (20094, 'Junie Bidewel');
INSERT INTO `regularuser3` VALUES (20095, 'Phyllis Skyrme');
INSERT INTO `regularuser3` VALUES (20096, 'Rosette Brimble');
INSERT INTO `regularuser3` VALUES (20097, 'Burg Amer');
INSERT INTO `regularuser3` VALUES (20098, 'Kelby Snailham');
INSERT INTO `regularuser3` VALUES (20099, 'Tad Elnough');
INSERT INTO `regularuser3` VALUES (20100, 'Krishna Preist');
INSERT INTO `regularuser3` VALUES (20101, 'Crichton Ragbourn');
INSERT INTO `regularuser3` VALUES (20102, 'Chrystal McGrey');
INSERT INTO `regularuser3` VALUES (20103, 'Innis Lalonde');
INSERT INTO `regularuser3` VALUES (20104, 'Dud Buxcy');
INSERT INTO `regularuser3` VALUES (20105, 'Dagmar Gauford');
INSERT INTO `regularuser3` VALUES (20106, 'Raymund Povlsen');
INSERT INTO `regularuser3` VALUES (20107, 'Bobinette Bakhrushkin');
INSERT INTO `regularuser3` VALUES (20108, 'Emelia Noblett');
INSERT INTO `regularuser3` VALUES (20109, 'Kerrin Murt');
INSERT INTO `regularuser3` VALUES (20110, 'Fawn MacGowan');
INSERT INTO `regularuser3` VALUES (20111, 'Desmund Ruckledge');
INSERT INTO `regularuser3` VALUES (20112, 'Merissa Naismith');
INSERT INTO `regularuser3` VALUES (20113, 'Belvia Harverson');
INSERT INTO `regularuser3` VALUES (20114, 'Weber Dadson');
INSERT INTO `regularuser3` VALUES (20115, 'Saree Akram');
INSERT INTO `regularuser3` VALUES (20116, 'Jacquelin Daens');
INSERT INTO `regularuser3` VALUES (20117, 'Sonny Pumphrey');
INSERT INTO `regularuser3` VALUES (20118, 'Hewett McLice');
INSERT INTO `regularuser3` VALUES (20119, 'Ginny Labram');
INSERT INTO `regularuser3` VALUES (20120, 'Dalenna Dray');
INSERT INTO `regularuser3` VALUES (20121, 'Sandro Pasmore');
INSERT INTO `regularuser3` VALUES (20122, 'Thoma Krabbe');
INSERT INTO `regularuser3` VALUES (20123, 'Nina Cordeau]');
INSERT INTO `regularuser3` VALUES (20124, 'Mahmoud Dutton');
INSERT INTO `regularuser3` VALUES (20125, 'Ermengarde Bartalot');
INSERT INTO `regularuser3` VALUES (20126, 'Elliot MacConnal');
INSERT INTO `regularuser3` VALUES (20127, 'Rene Paulucci');
INSERT INTO `regularuser3` VALUES (20128, 'Oralia Barsam');
INSERT INTO `regularuser3` VALUES (20129, 'Calv Caudwell');
INSERT INTO `regularuser3` VALUES (20130, 'Cassius Pothbury');
INSERT INTO `regularuser3` VALUES (20131, 'Edie Chidler');
INSERT INTO `regularuser3` VALUES (20132, 'Ave Dexter');
INSERT INTO `regularuser3` VALUES (20133, 'Mellie Odeson');
INSERT INTO `regularuser3` VALUES (20134, 'Marney Masterton');
INSERT INTO `regularuser3` VALUES (20135, 'Mateo Pioli');
INSERT INTO `regularuser3` VALUES (20136, 'Kippy Lankford');
INSERT INTO `regularuser3` VALUES (20137, 'Ruggiero O Heyne');
INSERT INTO `regularuser3` VALUES (20138, 'Brianne Escolme');
INSERT INTO `regularuser3` VALUES (20139, 'Cody Marden');
INSERT INTO `regularuser3` VALUES (20140, 'Reube Bransdon');
INSERT INTO `regularuser3` VALUES (20141, 'Caresa Anderton');
INSERT INTO `regularuser3` VALUES (20142, 'Reed Ovey');
INSERT INTO `regularuser3` VALUES (20143, 'Doreen Anchor');
INSERT INTO `regularuser3` VALUES (20144, 'Andy Bonsall');
INSERT INTO `regularuser3` VALUES (20145, 'Lynnette Blaxland');
INSERT INTO `regularuser3` VALUES (20146, 'Imogen Cornell');
INSERT INTO `regularuser3` VALUES (20147, 'Fowler Roddan');
INSERT INTO `regularuser3` VALUES (20148, 'Livvy Tapsfield');
INSERT INTO `regularuser3` VALUES (20149, 'Amery Yeldon');
INSERT INTO `regularuser3` VALUES (20150, 'Allina Chason');
INSERT INTO `regularuser3` VALUES (20151, 'Shelly Astles');
INSERT INTO `regularuser3` VALUES (20152, 'Rorke Duggen');
INSERT INTO `regularuser3` VALUES (20153, 'Hadleigh Beebis');
INSERT INTO `regularuser3` VALUES (20154, 'Cassi Durbann');
INSERT INTO `regularuser3` VALUES (20155, 'Spenser Wennam');
INSERT INTO `regularuser3` VALUES (20156, 'Rick Coade');
INSERT INTO `regularuser3` VALUES (20157, 'Grazia Trorey');
INSERT INTO `regularuser3` VALUES (20158, 'Claudina Lorans');
INSERT INTO `regularuser3` VALUES (20159, 'Venus Bricknell');
INSERT INTO `regularuser3` VALUES (20160, 'Fergus Bail');
INSERT INTO `regularuser3` VALUES (20161, 'Weidar Keeton');
INSERT INTO `regularuser3` VALUES (20162, 'Rich Slatter');
INSERT INTO `regularuser3` VALUES (20163, 'Cammy Andreu');
INSERT INTO `regularuser3` VALUES (20164, 'Ashil Scain');
INSERT INTO `regularuser3` VALUES (20165, 'Renie Pulbrook');
INSERT INTO `regularuser3` VALUES (20166, 'Jone Salling');
INSERT INTO `regularuser3` VALUES (20167, 'Decca Aspinal');
INSERT INTO `regularuser3` VALUES (20168, 'Nerta Fallon');
INSERT INTO `regularuser3` VALUES (20169, 'Bartolemo Osband');
INSERT INTO `regularuser3` VALUES (20170, 'Gillian de Wilde');
INSERT INTO `regularuser3` VALUES (20171, 'Collette Vasquez');
INSERT INTO `regularuser3` VALUES (20172, 'Brady Purry');
INSERT INTO `regularuser3` VALUES (20173, 'Wanda Runge');
INSERT INTO `regularuser3` VALUES (20174, 'Aldridge Pattinson');
INSERT INTO `regularuser3` VALUES (20175, 'Nikolaus Jindrich');
INSERT INTO `regularuser3` VALUES (20176, 'Norbie Petraitis');
INSERT INTO `regularuser3` VALUES (20177, 'Jake Hillatt');
INSERT INTO `regularuser3` VALUES (20178, 'Julianna Punshon');
INSERT INTO `regularuser3` VALUES (20179, 'Nicolas Bengough');
INSERT INTO `regularuser3` VALUES (20180, 'Noah Fewell');
INSERT INTO `regularuser3` VALUES (20181, 'Merry Ruller');
INSERT INTO `regularuser3` VALUES (20182, 'Kassia Panner');
INSERT INTO `regularuser3` VALUES (20183, 'Vassili Gammel');
INSERT INTO `regularuser3` VALUES (20184, 'Alric Bohin');
INSERT INTO `regularuser3` VALUES (20185, 'Toby Labuschagne');
INSERT INTO `regularuser3` VALUES (20186, 'Manfred Paddick');
INSERT INTO `regularuser3` VALUES (20187, 'Cherye Pimblott');
INSERT INTO `regularuser3` VALUES (20188, 'Savina Berkely');
INSERT INTO `regularuser3` VALUES (20189, 'Gavra Wyd');
INSERT INTO `regularuser3` VALUES (20190, 'Izak Coate');
INSERT INTO `regularuser3` VALUES (20191, 'Hugues Brockhurst');
INSERT INTO `regularuser3` VALUES (20192, 'Katusha Wreford');
INSERT INTO `regularuser3` VALUES (20193, 'Erika Prinnett');
INSERT INTO `regularuser3` VALUES (20194, 'Merrile Spaducci');
INSERT INTO `regularuser3` VALUES (20195, 'Euphemia Summerlie');
INSERT INTO `regularuser3` VALUES (20196, 'Doralynn Sterndale');
INSERT INTO `regularuser3` VALUES (20197, 'Helen-elizabeth Strond');
INSERT INTO `regularuser3` VALUES (6667, 'John Wick');

INSERT INTO `ticket` VALUES (123123, 80);
INSERT INTO `ticket` VALUES (123124, 20);
INSERT INTO `ticket` VALUES (123125, 40);
INSERT INTO `ticket` VALUES (123126, 20);
INSERT INTO `ticket` VALUES (123127, 100);
INSERT INTO `ticket` VALUES (123129, 70);
INSERT INTO `ticket` VALUES (123130, 100);
INSERT INTO `ticket` VALUES (123131, 110);
INSERT INTO `ticket` VALUES (123132, 120);
INSERT INTO `ticket` VALUES (123133, 100);
INSERT INTO `ticket` VALUES (123431, 70);
INSERT INTO `ticket` VALUES (323443, 75);
INSERT INTO `ticket` VALUES (323444, 76);
INSERT INTO `ticket` VALUES (323445, 77);
INSERT INTO `ticket` VALUES (323446, 78);
INSERT INTO `ticket` VALUES (323447, 79);
INSERT INTO `ticket` VALUES (323448, 80);
INSERT INTO `ticket` VALUES (341231, 400);

INSERT INTO `ticketvendor1` VALUES ('TicketMaster', '1344 Marigold Lane', 'ticketmaster@ticketmaster.com');
INSERT INTO `ticketvendor1` VALUES ('SeatGeek', '660 Austin Secret Lane', 'seatgeek@seatgeek.com');
INSERT INTO `ticketvendor1` VALUES ('Ultimate Ticket Seller', '1253 Blair Court', 'theultimateticketseller@theultimate.ca');
INSERT INTO `ticketvendor1` VALUES ('StubHub', '2844 Lynch Street', 'stubhub@stubhub.com');
INSERT INTO `ticketvendor1` VALUES ('TicketCity', '3046 Carolina Avenue', 'ticketcity@ticketcity,com');

INSERT INTO `ticketvendor2` VALUES (2134, 'TicketMaster', '1344 Marigold Lane');
INSERT INTO `ticketvendor2` VALUES (4533, 'SeatGeek', '660 Austin Secret Lane');
INSERT INTO `ticketvendor2` VALUES (5465, 'Ultimate Ticket Seller', '1253 Blair Court');
INSERT INTO `ticketvendor2` VALUES (3534, 'StubHub', '2844 Lynch Street');
INSERT INTO `ticketvendor2` VALUES (7656, 'TicketCity', '3046 Carolina Avenue');

INSERT INTO `bookedat` VALUES (4576, 4829);
INSERT INTO `bookedat` VALUES (3077, 1230);
INSERT INTO `bookedat` VALUES (4089, 4205);
INSERT INTO `bookedat` VALUES (2412, 4530);
INSERT INTO `bookedat` VALUES (5001, 20001);
INSERT INTO `bookedat` VALUES (5002, 20002);
INSERT INTO `bookedat` VALUES (5003, 20003);
INSERT INTO `bookedat` VALUES (5004, 20004);
INSERT INTO `bookedat` VALUES (5005, 20005);
INSERT INTO `bookedat` VALUES (5006, 20006);
INSERT INTO `bookedat` VALUES (5007, 20007);
INSERT INTO `bookedat` VALUES (5008, 20008);
INSERT INTO `bookedat` VALUES (5009, 20009);
INSERT INTO `bookedat` VALUES (5010, 20010);
INSERT INTO `bookedat` VALUES (5011, 20011);
INSERT INTO `bookedat` VALUES (5012, 20012);
INSERT INTO `bookedat` VALUES (5013, 20013);
INSERT INTO `bookedat` VALUES (5014, 20014);
INSERT INTO `bookedat` VALUES (5015, 20015);
INSERT INTO `bookedat` VALUES (5016, 20016);
INSERT INTO `bookedat` VALUES (5017, 20017);
INSERT INTO `bookedat` VALUES (5018, 20018);
INSERT INTO `bookedat` VALUES (5019, 20019);
INSERT INTO `bookedat` VALUES (5020, 20020);
INSERT INTO `bookedat` VALUES (5021, 20021);
INSERT INTO `bookedat` VALUES (5022, 20022);
INSERT INTO `bookedat` VALUES (5023, 20023);
INSERT INTO `bookedat` VALUES (5024, 20024);
INSERT INTO `bookedat` VALUES (5025, 20025);
INSERT INTO `bookedat` VALUES (5026, 20026);
INSERT INTO `bookedat` VALUES (5027, 20027);
INSERT INTO `bookedat` VALUES (5028, 20028);
INSERT INTO `bookedat` VALUES (5029, 20029);
INSERT INTO `bookedat` VALUES (5030, 20030);
INSERT INTO `bookedat` VALUES (5031, 20031);
INSERT INTO `bookedat` VALUES (5032, 20032);
INSERT INTO `bookedat` VALUES (5033, 20033);
INSERT INTO `bookedat` VALUES (5034, 20034);
INSERT INTO `bookedat` VALUES (5035, 20034);
INSERT INTO `bookedat` VALUES (5036, 20035);
INSERT INTO `bookedat` VALUES (5037, 20036);
INSERT INTO `bookedat` VALUES (5038, 20037);
INSERT INTO `bookedat` VALUES (5039, 20038);
INSERT INTO `bookedat` VALUES (5040, 20039);
INSERT INTO `bookedat` VALUES (5041, 20040);
INSERT INTO `bookedat` VALUES (5042, 20041);
INSERT INTO `bookedat` VALUES (5043, 20042);
INSERT INTO `bookedat` VALUES (5044, 20043);
INSERT INTO `bookedat` VALUES (5045, 20044);
INSERT INTO `bookedat` VALUES (5046, 20045);
INSERT INTO `bookedat` VALUES (5047, 20046);
INSERT INTO `bookedat` VALUES (5048, 20047);
INSERT INTO `bookedat` VALUES (5049, 20048);
INSERT INTO `bookedat` VALUES (5050, 20049);
INSERT INTO `bookedat` VALUES (5051, 20001);
INSERT INTO `bookedat` VALUES (5052, 20002);
INSERT INTO `bookedat` VALUES (5053, 20003);
INSERT INTO `bookedat` VALUES (5054, 20004);
INSERT INTO `bookedat` VALUES (5055, 20005);
INSERT INTO `bookedat` VALUES (5056, 20006);
INSERT INTO `bookedat` VALUES (5057, 20007);
INSERT INTO `bookedat` VALUES (5058, 20008);
INSERT INTO `bookedat` VALUES (5059, 20009);
INSERT INTO `bookedat` VALUES (5060, 20010);
INSERT INTO `bookedat` VALUES (5061, 20011);
INSERT INTO `bookedat` VALUES (5062, 20012);
INSERT INTO `bookedat` VALUES (5063, 20013);
INSERT INTO `bookedat` VALUES (5064, 20014);
INSERT INTO `bookedat` VALUES (5065, 20015);
INSERT INTO `bookedat` VALUES (5066, 20016);
INSERT INTO `bookedat` VALUES (5067, 20017);
INSERT INTO `bookedat` VALUES (5068, 20018);
INSERT INTO `bookedat` VALUES (5069, 20019);
INSERT INTO `bookedat` VALUES (5070, 20020);
INSERT INTO `bookedat` VALUES (5071, 20021);
INSERT INTO `bookedat` VALUES (5072, 20022);
INSERT INTO `bookedat` VALUES (5073, 20023);
INSERT INTO `bookedat` VALUES (5074, 20024);
INSERT INTO `bookedat` VALUES (5075, 20025);
INSERT INTO `bookedat` VALUES (5076, 20026);
INSERT INTO `bookedat` VALUES (5077, 20027);
INSERT INTO `bookedat` VALUES (5078, 20028);
INSERT INTO `bookedat` VALUES (5079, 20029);
INSERT INTO `bookedat` VALUES (5080, 20030);
INSERT INTO `bookedat` VALUES (5081, 20031);
INSERT INTO `bookedat` VALUES (5082, 20032);
INSERT INTO `bookedat` VALUES (5083, 20033);
INSERT INTO `bookedat` VALUES (5084, 20034);
INSERT INTO `bookedat` VALUES (5085, 20034);
INSERT INTO `bookedat` VALUES (5086, 20035);
INSERT INTO `bookedat` VALUES (5087, 20036);
INSERT INTO `bookedat` VALUES (5088, 20037);
INSERT INTO `bookedat` VALUES (5089, 20038);
INSERT INTO `bookedat` VALUES (5090, 20039);
INSERT INTO `bookedat` VALUES (5091, 20040);
INSERT INTO `bookedat` VALUES (5092, 20041);
INSERT INTO `bookedat` VALUES (5093, 20042);
INSERT INTO `bookedat` VALUES (5094, 20043);
INSERT INTO `bookedat` VALUES (5095, 20044);
INSERT INTO `bookedat` VALUES (5096, 20045);
INSERT INTO `bookedat` VALUES (5097, 20046);
INSERT INTO `bookedat` VALUES (5098, 20047);
INSERT INTO `bookedat` VALUES (5099, 20048);
INSERT INTO `bookedat` VALUES (5100, 20049);
INSERT INTO `bookedat` VALUES (1024, 20050);

INSERT INTO `performsat` VALUES (4576, 3489);
INSERT INTO `performsat` VALUES (3077, 2392);
INSERT INTO `performsat` VALUES (4089, 1254);
INSERT INTO `performsat` VALUES (2412, 4223);
INSERT INTO `performsat` VALUES (1024, 4223);
INSERT INTO `performsat` VALUES (1024, 3489);
INSERT INTO `performsat` VALUES (1024, 2392);
INSERT INTO `performsat` VALUES (1024, 1254);
INSERT INTO `performsat` VALUES (5001, 3489);
INSERT INTO `performsat` VALUES (5002, 2392);
INSERT INTO `performsat` VALUES (5003, 1254);
INSERT INTO `performsat` VALUES (5004, 4223);
INSERT INTO `performsat` VALUES (5005, 7001);
INSERT INTO `performsat` VALUES (5006, 7002);
INSERT INTO `performsat` VALUES (5007, 7003);
INSERT INTO `performsat` VALUES (5008, 7004);
INSERT INTO `performsat` VALUES (5009, 7005);
INSERT INTO `performsat` VALUES (5010, 7006);
INSERT INTO `performsat` VALUES (5011, 7007);
INSERT INTO `performsat` VALUES (5012, 7008);
INSERT INTO `performsat` VALUES (5013, 7009);
INSERT INTO `performsat` VALUES (5014, 7010);
INSERT INTO `performsat` VALUES (5015, 7011);
INSERT INTO `performsat` VALUES (5016, 7012);
INSERT INTO `performsat` VALUES (5017, 7013);
INSERT INTO `performsat` VALUES (5018, 7014);
INSERT INTO `performsat` VALUES (5019, 7015);
INSERT INTO `performsat` VALUES (5020, 7016);
INSERT INTO `performsat` VALUES (5021, 7017);
INSERT INTO `performsat` VALUES (5022, 7018);
INSERT INTO `performsat` VALUES (5023, 7019);
INSERT INTO `performsat` VALUES (5024, 7020);
INSERT INTO `performsat` VALUES (5025, 7021);
INSERT INTO `performsat` VALUES (5026, 7022);
INSERT INTO `performsat` VALUES (5027, 7023);
INSERT INTO `performsat` VALUES (5028, 7024);
INSERT INTO `performsat` VALUES (5029, 7025);
INSERT INTO `performsat` VALUES (5030, 6782);
INSERT INTO `performsat` VALUES (5031, 7013);
INSERT INTO `performsat` VALUES (5032, 7014);
INSERT INTO `performsat` VALUES (5033, 7015);
INSERT INTO `performsat` VALUES (5034, 7016);
INSERT INTO `performsat` VALUES (5035, 7017);
INSERT INTO `performsat` VALUES (5036, 7018);
INSERT INTO `performsat` VALUES (5037, 7019);
INSERT INTO `performsat` VALUES (5038, 7020);
INSERT INTO `performsat` VALUES (5039, 7021);
INSERT INTO `performsat` VALUES (5040, 7022);
INSERT INTO `performsat` VALUES (5041, 7023);
INSERT INTO `performsat` VALUES (5042, 7024);
INSERT INTO `performsat` VALUES (5043, 7025);
INSERT INTO `performsat` VALUES (5044, 6782);
INSERT INTO `performsat` VALUES (5045, 7022);
INSERT INTO `performsat` VALUES (5046, 7023);
INSERT INTO `performsat` VALUES (5047, 7024);
INSERT INTO `performsat` VALUES (5048, 7025);
INSERT INTO `performsat` VALUES (5049, 6782);
INSERT INTO `performsat` VALUES (5050, 7024);
INSERT INTO `performsat` VALUES (5051, 7023);
INSERT INTO `performsat` VALUES (5052, 4223);
INSERT INTO `performsat` VALUES (5053, 3489);
INSERT INTO `performsat` VALUES (5054, 2392);
INSERT INTO `performsat` VALUES (5055, 1254);
INSERT INTO `performsat` VALUES (5056, 3489);
INSERT INTO `performsat` VALUES (5057, 2392);
INSERT INTO `performsat` VALUES (5058, 1254);
INSERT INTO `performsat` VALUES (5059, 4223);
INSERT INTO `performsat` VALUES (5060, 7001);
INSERT INTO `performsat` VALUES (5061, 7002);
INSERT INTO `performsat` VALUES (5062, 7003);
INSERT INTO `performsat` VALUES (5063, 7004);
INSERT INTO `performsat` VALUES (5064, 7005);
INSERT INTO `performsat` VALUES (5065, 7006);
INSERT INTO `performsat` VALUES (5066, 7007);
INSERT INTO `performsat` VALUES (5067, 7008);
INSERT INTO `performsat` VALUES (5068, 7009);
INSERT INTO `performsat` VALUES (5069, 7010);
INSERT INTO `performsat` VALUES (5070, 7011);
INSERT INTO `performsat` VALUES (5071, 7012);
INSERT INTO `performsat` VALUES (5072, 7013);
INSERT INTO `performsat` VALUES (5073, 7014);
INSERT INTO `performsat` VALUES (5074, 7015);
INSERT INTO `performsat` VALUES (5075, 3489);
INSERT INTO `performsat` VALUES (5076, 2392);
INSERT INTO `performsat` VALUES (5077, 1254);
INSERT INTO `performsat` VALUES (5078, 3489);
INSERT INTO `performsat` VALUES (5079, 2392);
INSERT INTO `performsat` VALUES (5080, 1254);
INSERT INTO `performsat` VALUES (5081, 4223);
INSERT INTO `performsat` VALUES (5082, 7001);
INSERT INTO `performsat` VALUES (5083, 7002);
INSERT INTO `performsat` VALUES (5084, 7003);
INSERT INTO `performsat` VALUES (5085, 7004);
INSERT INTO `performsat` VALUES (5086, 7005);
INSERT INTO `performsat` VALUES (5087, 7006);
INSERT INTO `performsat` VALUES (5088, 7007);
INSERT INTO `performsat` VALUES (5089, 7008);
INSERT INTO `performsat` VALUES (5090, 7009);
INSERT INTO `performsat` VALUES (5091, 7010);
INSERT INTO `performsat` VALUES (5092, 7011);
INSERT INTO `performsat` VALUES (5093, 7005);
INSERT INTO `performsat` VALUES (5094, 7006);
INSERT INTO `performsat` VALUES (5095, 7007);
INSERT INTO `performsat` VALUES (5096, 7008);
INSERT INTO `performsat` VALUES (5097, 7009);
INSERT INTO `performsat` VALUES (5098, 7010);
INSERT INTO `performsat` VALUES (5099, 7009);
INSERT INTO `performsat` VALUES (5100, 7010);
INSERT INTO `performsat` VALUES (1024, 6782);

INSERT INTO `iscategory` VALUES (4576, 'Social');
INSERT INTO `iscategory` VALUES (3077, 'Athletics');
INSERT INTO `iscategory` VALUES (4089, 'Academic');
INSERT INTO `iscategory` VALUES (2412, 'Food');
INSERT INTO `iscategory` VALUES (5001, 'Film');
INSERT INTO `iscategory` VALUES (5002, 'Social');
INSERT INTO `iscategory` VALUES (5003, 'Athletics');
INSERT INTO `iscategory` VALUES (5004, 'Academic');
INSERT INTO `iscategory` VALUES (5005, 'Food');
INSERT INTO `iscategory` VALUES (5006, 'Film');
INSERT INTO `iscategory` VALUES (5007, 'Social');
INSERT INTO `iscategory` VALUES (5008, 'Athletics');
INSERT INTO `iscategory` VALUES (5009, 'Academic');
INSERT INTO `iscategory` VALUES (5010, 'Food');
INSERT INTO `iscategory` VALUES (5011, 'Film');
INSERT INTO `iscategory` VALUES (5012, 'Social');
INSERT INTO `iscategory` VALUES (5013, 'Athletics');
INSERT INTO `iscategory` VALUES (5014, 'Academic');
INSERT INTO `iscategory` VALUES (5015, 'Food');
INSERT INTO `iscategory` VALUES (5016, 'Film');
INSERT INTO `iscategory` VALUES (5017, 'Social');
INSERT INTO `iscategory` VALUES (5018, 'Athletics');
INSERT INTO `iscategory` VALUES (5019, 'Academic');
INSERT INTO `iscategory` VALUES (5020, 'Food');
INSERT INTO `iscategory` VALUES (5021, 'Film');
INSERT INTO `iscategory` VALUES (5022, 'Social');
INSERT INTO `iscategory` VALUES (5023, 'Athletics');
INSERT INTO `iscategory` VALUES (5024, 'Academic');
INSERT INTO `iscategory` VALUES (5025, 'Food');
INSERT INTO `iscategory` VALUES (5026, 'Film');
INSERT INTO `iscategory` VALUES (5027, 'Social');
INSERT INTO `iscategory` VALUES (5028, 'Athletics');
INSERT INTO `iscategory` VALUES (5029, 'Academic');
INSERT INTO `iscategory` VALUES (5030, 'Food');
INSERT INTO `iscategory` VALUES (5031, 'Film');
INSERT INTO `iscategory` VALUES (5032, 'Social');
INSERT INTO `iscategory` VALUES (5033, 'Athletics');
INSERT INTO `iscategory` VALUES (5034, 'Academic');
INSERT INTO `iscategory` VALUES (5035, 'Food');
INSERT INTO `iscategory` VALUES (5036, 'Film');
INSERT INTO `iscategory` VALUES (5037, 'Social');
INSERT INTO `iscategory` VALUES (5038, 'Athletics');
INSERT INTO `iscategory` VALUES (5039, 'Academic');
INSERT INTO `iscategory` VALUES (5040, 'Food');
INSERT INTO `iscategory` VALUES (5041, 'Film');
INSERT INTO `iscategory` VALUES (5042, 'Social');
INSERT INTO `iscategory` VALUES (5043, 'Athletics');
INSERT INTO `iscategory` VALUES (5044, 'Academic');
INSERT INTO `iscategory` VALUES (5045, 'Food');
INSERT INTO `iscategory` VALUES (5046, 'Film');
INSERT INTO `iscategory` VALUES (5047, 'Social');
INSERT INTO `iscategory` VALUES (5048, 'Athletics');
INSERT INTO `iscategory` VALUES (5049, 'Academic');
INSERT INTO `iscategory` VALUES (5050, 'Food');
INSERT INTO `iscategory` VALUES (5051, 'Film');
INSERT INTO `iscategory` VALUES (5052, 'Social');
INSERT INTO `iscategory` VALUES (5053, 'Athletics');
INSERT INTO `iscategory` VALUES (5054, 'Academic');
INSERT INTO `iscategory` VALUES (5055, 'Food');
INSERT INTO `iscategory` VALUES (5056, 'Film');
INSERT INTO `iscategory` VALUES (5057, 'Social');
INSERT INTO `iscategory` VALUES (5058, 'Athletics');
INSERT INTO `iscategory` VALUES (5059, 'Academic');
INSERT INTO `iscategory` VALUES (5060, 'Food');
INSERT INTO `iscategory` VALUES (5061, 'Film');
INSERT INTO `iscategory` VALUES (5062, 'Social');
INSERT INTO `iscategory` VALUES (5063, 'Athletics');
INSERT INTO `iscategory` VALUES (5064, 'Academic');
INSERT INTO `iscategory` VALUES (5065, 'Food');
INSERT INTO `iscategory` VALUES (5066, 'Film');
INSERT INTO `iscategory` VALUES (5067, 'Social');
INSERT INTO `iscategory` VALUES (5068, 'Athletics');
INSERT INTO `iscategory` VALUES (5069, 'Academic');
INSERT INTO `iscategory` VALUES (5070, 'Food');
INSERT INTO `iscategory` VALUES (5071, 'Film');
INSERT INTO `iscategory` VALUES (5072, 'Social');
INSERT INTO `iscategory` VALUES (5073, 'Athletics');
INSERT INTO `iscategory` VALUES (5074, 'Academic');
INSERT INTO `iscategory` VALUES (5075, 'Food');
INSERT INTO `iscategory` VALUES (5076, 'Film');
INSERT INTO `iscategory` VALUES (5077, 'Social');
INSERT INTO `iscategory` VALUES (5078, 'Athletics');
INSERT INTO `iscategory` VALUES (5079, 'Academic');
INSERT INTO `iscategory` VALUES (5080, 'Food');
INSERT INTO `iscategory` VALUES (5081, 'Film');
INSERT INTO `iscategory` VALUES (5082, 'Social');
INSERT INTO `iscategory` VALUES (5083, 'Athletics');
INSERT INTO `iscategory` VALUES (5084, 'Academic');
INSERT INTO `iscategory` VALUES (5085, 'Food');
INSERT INTO `iscategory` VALUES (5086, 'Film');
INSERT INTO `iscategory` VALUES (5087, 'Social');
INSERT INTO `iscategory` VALUES (5088, 'Athletics');
INSERT INTO `iscategory` VALUES (5089, 'Academic');
INSERT INTO `iscategory` VALUES (5090, 'Food');
INSERT INTO `iscategory` VALUES (5091, 'Film');
INSERT INTO `iscategory` VALUES (5092, 'Social');
INSERT INTO `iscategory` VALUES (5093, 'Athletics');
INSERT INTO `iscategory` VALUES (5094, 'Academic');
INSERT INTO `iscategory` VALUES (5095, 'Food');
INSERT INTO `iscategory` VALUES (5096, 'Film');
INSERT INTO `iscategory` VALUES (5097, 'Social');
INSERT INTO `iscategory` VALUES (5098, 'Athletics');
INSERT INTO `iscategory` VALUES (5099, 'Academic');
INSERT INTO `iscategory` VALUES (5100, 'Food');
INSERT INTO `iscategory` VALUES (1024, 'Film');

INSERT INTO `isfor` VALUES (4576, 123123);
INSERT INTO `isfor` VALUES (3077, 123124);
INSERT INTO `isfor` VALUES (4089, 123125);
INSERT INTO `isfor` VALUES (2412, 123126);
INSERT INTO `isfor` VALUES (4089, 123127);
INSERT INTO `isfor` VALUES (3077, 123129);
INSERT INTO `isfor` VALUES (4576, 123130);
INSERT INTO `isfor` VALUES (3077, 123131);
INSERT INTO `isfor` VALUES (4089, 123132);
INSERT INTO `isfor` VALUES (1024, 123133);
INSERT INTO `isfor` VALUES (4576, 123431);
INSERT INTO `isfor` VALUES (4576, 323443);
INSERT INTO `isfor` VALUES (1024, 323444);
INSERT INTO `isfor` VALUES (1024, 323445);
INSERT INTO `isfor` VALUES (1024, 323446);
INSERT INTO `isfor` VALUES (1024, 323447);
INSERT INTO `isfor` VALUES (1024, 323448);
INSERT INTO `isfor` VALUES (1024, 341231);

INSERT INTO `purchased` VALUES (2344, 123123);
INSERT INTO `purchased` VALUES (4345, 123124);
INSERT INTO `purchased` VALUES (5645, 123125);
INSERT INTO `purchased` VALUES (3252, 123126);
INSERT INTO `purchased` VALUES (3252, 123130);
INSERT INTO `purchased` VALUES (3252, 123131);
INSERT INTO `purchased` VALUES (3252, 123132);
INSERT INTO `purchased` VALUES (3252, 123133);
INSERT INTO `purchased` VALUES (6667, 341231);

INSERT INTO `sells` VALUES (2134, 123123);
INSERT INTO `sells` VALUES (4533, 123124);
INSERT INTO `sells` VALUES (5465, 123125);
INSERT INTO `sells` VALUES (3534, 123126);
INSERT INTO `sells` VALUES (3534, 123127);
INSERT INTO `sells` VALUES (3534, 123129);
INSERT INTO `sells` VALUES (3534, 123130);
INSERT INTO `sells` VALUES (5465, 123131);
INSERT INTO `sells` VALUES (2134, 123132);
INSERT INTO `sells` VALUES (3534, 123133);
INSERT INTO `sells` VALUES (7656, 123431);
INSERT INTO `sells` VALUES (7656, 323443);
INSERT INTO `sells` VALUES (7656, 323444);
INSERT INTO `sells` VALUES (7656, 323445);
INSERT INTO `sells` VALUES (3534, 323446);
INSERT INTO `sells` VALUES (3534, 323447);
INSERT INTO `sells` VALUES (3534, 323448);
INSERT INTO `sells` VALUES (7656, 341231);

