
INSERT INTO `regularuser2` VALUES ('Ginny Labram', '21522 Birchwood Crossing');
INSERT INTO `regularuser2` VALUES ('Dalenna Dray', '91 International Center');
INSERT INTO `regularuser2` VALUES ('Sandro Pasmore', '53543 Fair Oaks Hill');
INSERT INTO `regularuser2` VALUES ('Thoma Krabbe', '90100 Rockefeller Hill');
INSERT INTO `regularuser2` VALUES ('Nina Cordeau]', '3 Paget Court');
INSERT INTO `regularuser2` VALUES ('Mahmoud Dutton', '35513 Troy Parkway');
INSERT INTO `regularuser2` VALUES ('Ermengarde Bartalot', '9 Browning Plaza');
INSERT INTO `regularuser2` VALUES ('Elliot MacConnal', '5325 Declaration Point');
INSERT INTO `regularuser2` VALUES ('Rene Paulucci', '9 Mccormick Park');
INSERT INTO `regularuser2` VALUES ('Oralia Barsam', '50 Butternut Point');
INSERT INTO `regularuser2` VALUES ('Calv Caudwell', '2423 Dakota Lane');
INSERT INTO `regularuser2` VALUES ('Cassius Pothbury', '729 Stang Center');
INSERT INTO `regularuser2` VALUES ('Edie Chidler', '26418 Rutledge Avenue');
INSERT INTO `regularuser2` VALUES ('Ave Dexter', '62341 Pine View Hill');
INSERT INTO `regularuser2` VALUES ('Mellie Odeson', '022 Roxbury Junction');
INSERT INTO `regularuser2` VALUES ('Marney Masterton', '17312 Vahlen Drive');
INSERT INTO `regularuser2` VALUES ('Mateo Pioli', '80 Walton Crossing');
INSERT INTO `regularuser2` VALUES ('Kippy Lankford', '03 Bonner Pass');
INSERT INTO `regularuser2` VALUES ('Ruggiero O Heyne', '520 Bellgrove Junction');
INSERT INTO `regularuser2` VALUES ('Brianne Escolme', '47 Esker Street');
INSERT INTO `regularuser2` VALUES ('Cody Marden', '21 Nevada Circle');
INSERT INTO `regularuser2` VALUES ('Reube Bransdon', '9 Macpherson Terrace');
INSERT INTO `regularuser2` VALUES ('Caresa Anderton', '9 Crest Line Street');
INSERT INTO `regularuser2` VALUES ('Reed Ovey', '1 Elmside Street');
INSERT INTO `regularuser2` VALUES ('Doreen Anchor', '75107 Oxford Court');
INSERT INTO `regularuser2` VALUES ('Andy Bonsall', '29 Kingsford Terrace');
INSERT INTO `regularuser2` VALUES ('Lynnette Blaxland', '97133 Bartillon Plaza');
INSERT INTO `regularuser2` VALUES ('Imogen Cornell', '02 Bultman Drive');
INSERT INTO `regularuser2` VALUES ('Fowler Roddan', '7 Cody Road');
INSERT INTO `regularuser2` VALUES ('Livvy Tapsfield', '020 Glacier Hill Center');
INSERT INTO `regularuser2` VALUES ('Amery Yeldon', '295 Amoth Hill');
INSERT INTO `regularuser2` VALUES ('Allina Chason', '92287 Michigan Way');
INSERT INTO `regularuser2` VALUES ('Shelly Astles', '5 Crescent Oaks Crossing');
INSERT INTO `regularuser2` VALUES ('Rorke Duggen', '629 Oriole Avenue');
INSERT INTO `regularuser2` VALUES ('Hadleigh Beebis', '59 Portage Drive');
INSERT INTO `regularuser2` VALUES ('Cassi Durbann', '443 Dwight Junction');
INSERT INTO `regularuser2` VALUES ('Spenser Wennam', '65101 Buhler Parkway');
INSERT INTO `regularuser2` VALUES ('Rick Coade', '4392 Bunker Hill Terrace');
INSERT INTO `regularuser2` VALUES ('Grazia Trorey', '96150 Westridge Trail');
INSERT INTO `regularuser2` VALUES ('Claudina Lorans', '01055 Arapahoe Road');
INSERT INTO `regularuser2` VALUES ('Venus Bricknell', '210 Arrowood Alley');
INSERT INTO `regularuser2` VALUES ('Fergus Bail', '1 Donald Road');
INSERT INTO `regularuser2` VALUES ('Weidar Keeton', '7 Loeprich Street');
INSERT INTO `regularuser2` VALUES ('Rich Slatter', '55 Melrose Street');
INSERT INTO `regularuser2` VALUES ('Cammy Andreu', '0 Tony Alley');
INSERT INTO `regularuser2` VALUES ('Ashil Scain', '636 Armistice Court');
INSERT INTO `regularuser2` VALUES ('Renie Pulbrook', '95922 Rieder Center');
INSERT INTO `regularuser2` VALUES ('Jone Salling', '6884 Ruskin Alley');
INSERT INTO `regularuser2` VALUES ('Decca Aspinal', '116 Mcbride Point');
INSERT INTO `regularuser2` VALUES ('Nerta Fallon', '3530 Namekagon Circle');
INSERT INTO `regularuser2` VALUES ('Bartolemo Osband', '58738 Oakridge Trail');
INSERT INTO `regularuser2` VALUES ('Gillian de Wilde', '46 Grayhawk Trail');
INSERT INTO `regularuser2` VALUES ('Collette Vasquez', '78958 Barnett Way');
INSERT INTO `regularuser2` VALUES ('Brady Purry', '96453 Jackson Court');
INSERT INTO `regularuser2` VALUES ('Wanda Runge', '78410 Morrow Pass');
INSERT INTO `regularuser2` VALUES ('Aldridge Pattinson', '7626 Bunker Hill Court');
INSERT INTO `regularuser2` VALUES ('Nikolaus Jindrich', '170 Hooker Center');
INSERT INTO `regularuser2` VALUES ('Norbie Petraitis', '37 Springs Point');
INSERT INTO `regularuser2` VALUES ('Jake Hillatt', '42 8th Avenue');
INSERT INTO `regularuser2` VALUES ('Julianna Punshon', '8588 Ridgeway Junction');
INSERT INTO `regularuser2` VALUES ('Nicolas Bengough', '85336 Messerschmidt Trail');
INSERT INTO `regularuser2` VALUES ('Noah Fewell', '6 Summit Circle');
INSERT INTO `regularuser2` VALUES ('Merry Ruller', '308 Hovde Lane');
INSERT INTO `regularuser2` VALUES ('Kassia Panner', '23944 Randy Street');
INSERT INTO `regularuser2` VALUES ('Vassili Gammel', '6 Bluejay Plaza');
INSERT INTO `regularuser2` VALUES ('Alric Bohin', '0 Claremont Way');
INSERT INTO `regularuser2` VALUES ('Toby Labuschagne', '6 Hooker Hill');
INSERT INTO `regularuser2` VALUES ('Manfred Paddick', '033 Northport Street');
INSERT INTO `regularuser2` VALUES ('Cherye Pimblott', '38 West Terrace');
INSERT INTO `regularuser2` VALUES ('Savina Berkely', '2701 Ridgeway Court');
INSERT INTO `regularuser2` VALUES ('Gavra Wyd', '905 Mallory Avenue');
INSERT INTO `regularuser2` VALUES ('Izak Coate', '99 Hoepker Plaza');
INSERT INTO `regularuser2` VALUES ('Hugues Brockhurst', '635 Jay Circle');
INSERT INTO `regularuser2` VALUES ('Katusha Wreford', '3 Drewry Point');
INSERT INTO `regularuser2` VALUES ('Erika Prinnett', '485 Sloan Place');
INSERT INTO `regularuser2` VALUES ('Merrile Spaducci', '5025 Shelley Junction');
INSERT INTO `regularuser2` VALUES ('Euphemia Summerlie', '48413 Nevada Trail');
INSERT INTO `regularuser2` VALUES ('Doralynn Sterndale', '1 Butternut Place');
INSERT INTO `regularuser2` VALUES ('Helen-elizabeth Strond', '56 Stoughton Drive');
INSERT INTO `regularuser2` VALUES ('Rafaello Roach', '07203 Ilene Drive');
INSERT INTO `regularuser2` VALUES ('Leontyne McMains', '02529 Schiller Way');
INSERT INTO `regularuser2` VALUES ('Brooks Figg', '618 Delaware Alley');
INSERT INTO `regularuser2` VALUES ('Anita Nowell', '40 East Court');
INSERT INTO `regularuser2` VALUES ('Lianne Blockey', '4 Ilene Circle');
INSERT INTO `regularuser2` VALUES ('Arlee Toolan', '202 Cambridge Terrace');
INSERT INTO `regularuser2` VALUES ('Tate Tubridy', '844 Tennyson Hill');
INSERT INTO `regularuser2` VALUES ('Starla Motten', '2869 Dexter Street');
INSERT INTO `regularuser2` VALUES ('Ebenezer Saunton', '6 La Follette Way');
INSERT INTO `regularuser2` VALUES ('Haywood Rose', '5089 Forest Run Point');
INSERT INTO `regularuser2` VALUES ('Bell Rudsdell', '4075 Packers Terrace');
INSERT INTO `regularuser2` VALUES ('Dorey Folomkin', '0348 Thierer Park');
INSERT INTO `regularuser2` VALUES ('Petunia Mertsching', '2085 Scofield Alley');
INSERT INTO `regularuser2` VALUES ('Ginny Carlin', '95 Monterey Circle');
INSERT INTO `regularuser2` VALUES ('Kalli Hainning', '803 Melby Road');
INSERT INTO `regularuser2` VALUES ('Annis Beedie', '9154 Dixon Circle');
INSERT INTO `regularuser2` VALUES ('Shannen Janovsky', '03743 Dovetail Point');
INSERT INTO `regularuser2` VALUES ('Meara Smalecombe', '2 Gale Way');
INSERT INTO `regularuser2` VALUES ('Niven Dolle', '3215 Thackeray Way');
INSERT INTO `regularuser2` VALUES ('Doralynn Trattles', '7 Delladonna Trail');
INSERT INTO `regularuser2` VALUES ('Laverne Wastall', '81 Anzinger Pass');
INSERT INTO `regularuser2` VALUES ('Sande Fold', '5 David Pass');
INSERT INTO `regularuser2` VALUES ('Kris Gogarty', '49 Stone Corner Court');
INSERT INTO `regularuser2` VALUES ('Fay Dikes', '5890 Waywood Parkway');
INSERT INTO `regularuser2` VALUES ('Lou Cesco', '5958 Saint Paul Place');
INSERT INTO `regularuser2` VALUES ('Halie Gorelli', '24669 Maywood Avenue');
INSERT INTO `regularuser2` VALUES ('Sig Laird-Craig', '0887 Kedzie Circle');
INSERT INTO `regularuser2` VALUES ('Frayda Waterhouse', '5073 Pleasure Point');
INSERT INTO `regularuser2` VALUES ('Sandie Powter', '73 Oxford Crossing');
INSERT INTO `regularuser2` VALUES ('Rock Trudgion', '41 Moland Junction');
INSERT INTO `regularuser2` VALUES ('Eddy Credland', '309 Burning Wood Street');
INSERT INTO `regularuser2` VALUES ('Mal Andriessen', '2 Vahlen Avenue');
INSERT INTO `regularuser2` VALUES ('Kari Loakes', '89544 Vernon Hill');
INSERT INTO `regularuser2` VALUES ('Coletta Vines', '8 Manley Center');
INSERT INTO `regularuser2` VALUES ('Vicky Yosselevitch', '75351 Cottonwood Point');
INSERT INTO `regularuser2` VALUES ('Lacey Jenks', '712 Trailsway Court');
INSERT INTO `regularuser2` VALUES ('Andras Dight', '8 Bluestem Trail');
INSERT INTO `regularuser2` VALUES ('Milissent Joannic', '3507 Basil Avenue');
INSERT INTO `regularuser2` VALUES ('Roobbie Hellcat', '6399 Mariners Cove Circle');
INSERT INTO `regularuser2` VALUES ('Marchelle Reen', '55311 Homewood Parkway');
INSERT INTO `regularuser2` VALUES ('Ava Braikenridge', '896 Elmside Alley');
INSERT INTO `regularuser2` VALUES ('Kellyann Cavey', '66 Surrey Road');
INSERT INTO `regularuser2` VALUES ('Florance Wilacot', '97 Lindbergh Lane');
INSERT INTO `regularuser2` VALUES ('Kiersten Talloe', '603 Burning Wood Park');
INSERT INTO `regularuser2` VALUES ('Waldon Pickersail', '47711 Linden Way');
INSERT INTO `regularuser2` VALUES ('Charita Attenborough', '219 Thompson Alley');
INSERT INTO `regularuser2` VALUES ('Nelson Tourot', '8291 Carioca Way');
INSERT INTO `regularuser2` VALUES ('Deeann Burston', '7 Porter Circle');
INSERT INTO `regularuser2` VALUES ('Krystle Grimsditch', '638 Nobel Terrace');
INSERT INTO `regularuser2` VALUES ('Stacee Catley', '0575 Carey Road');
INSERT INTO `regularuser2` VALUES ('Dewie Zanardii', '76 Eggendart Center');
INSERT INTO `regularuser2` VALUES ('Emilie Bowstead', '23082 Loomis Road');
INSERT INTO `regularuser2` VALUES ('Ralph Danzelman', '9 Jenna Place');
INSERT INTO `regularuser2` VALUES ('Kevin Sidery', '205 Hagan Way');
INSERT INTO `regularuser2` VALUES ('Finley MacTrustam', '37624 Express Plaza');
INSERT INTO `regularuser2` VALUES ('Jessica Duiguid', '93 Graedel Alley');
INSERT INTO `regularuser2` VALUES ('Carlee Copo', '73728 Sage Plaza');
INSERT INTO `regularuser2` VALUES ('Normy Parsell', '0846 Bowman Way');
INSERT INTO `regularuser2` VALUES ('Belva Packham', '474 Sommers Plaza');
INSERT INTO `regularuser2` VALUES ('Chico Huriche', '45 Crescent Oaks Pass');
INSERT INTO `regularuser2` VALUES ('Leroy Daid', '7010 Duke Crossing');
INSERT INTO `regularuser2` VALUES ('Jordanna Strippling', '4654 Arrowood Plaza');
INSERT INTO `regularuser2` VALUES ('Mohandis Metherell', '55208 Cascade Circle');
INSERT INTO `regularuser2` VALUES ('Anthe Tybalt', '51824 Clove Alley');
INSERT INTO `regularuser2` VALUES ('Wildon Lejeune', '5 Portage Center');
INSERT INTO `regularuser2` VALUES ('Cos Crome', '78 Green Ridge Park');
INSERT INTO `regularuser2` VALUES ('Jarib Rookwell', '11425 Del Sol Circle');
INSERT INTO `regularuser2` VALUES ('Elvin Pratley', '5786 Pawling Plaza');
INSERT INTO `regularuser2` VALUES ('Zebedee Eake', '06 Doe Crossing Road');
INSERT INTO `regularuser2` VALUES ('Brigitta Broadwood', '30296 Transport Junction');
INSERT INTO `regularuser2` VALUES ('Myrna Exrol', '704 Vera Drive');
INSERT INTO `regularuser2` VALUES ('Aloisia Nyssen', '7970 Weeping Birch Center');
INSERT INTO `regularuser2` VALUES ('Humphrey Domnin', '7301 Fulton Park');
INSERT INTO `regularuser2` VALUES ('Allix Woolford', '9 Esker Road');
INSERT INTO `regularuser2` VALUES ('Hugo Sear', '3 John Wall Parkway');
INSERT INTO `regularuser2` VALUES ('Richart Weildish', '8 Colorado Alley');
INSERT INTO `regularuser2` VALUES ('Magdalen Thurlow', '102 School Court');
INSERT INTO `regularuser2` VALUES ('Teodorico Finicj', '131 Ridgeview Alley');
INSERT INTO `regularuser2` VALUES ('Lynea Tinton', '05 Clove Court');
INSERT INTO `regularuser2` VALUES ('Nicolette Kimmince', '2337 Burrows Place');
INSERT INTO `regularuser2` VALUES ('Jorgan Clandillon', '146 Warner Park');
INSERT INTO `regularuser2` VALUES ('Leland Cundey', '45 Ramsey Point');
INSERT INTO `regularuser2` VALUES ('Breena Micallef', '3989 Crownhardt Center');
INSERT INTO `regularuser2` VALUES ('Edvard Dagger', '132 Westend Way');
INSERT INTO `regularuser2` VALUES ('Giffy Brager', '19 Carioca Court');
INSERT INTO `regularuser2` VALUES ('Klarika Faughny', '8 Badeau Parkway');
INSERT INTO `regularuser2` VALUES ('Aeriell Donnersberg', '4070 Fulton Drive');
INSERT INTO `regularuser2` VALUES ('Bobbi Bunt', '45 Garrison Parkway');
INSERT INTO `regularuser2` VALUES ('Pooh Maren', '81 Havey Way');
INSERT INTO `regularuser2` VALUES ('Jordan Hyam', '276 Bonner Pass');
INSERT INTO `regularuser2` VALUES ('Leeann Loutheane', '82181 Butternut Court');
INSERT INTO `regularuser2` VALUES ('Tiffy Perigo', '8 Loomis Terrace');
INSERT INTO `regularuser2` VALUES ('Issi Drinkhill', '7 Garrison Center');
INSERT INTO `regularuser2` VALUES ('Reena Dehmel', '59 Hayes Lane');
INSERT INTO `regularuser2` VALUES ('Ludvig Cometto', '7 Morning Court');
INSERT INTO `regularuser2` VALUES ('Halie Epine', '478 Fulton Court');
INSERT INTO `regularuser2` VALUES ('Constanta Albutt', '3 Fremont Terrace');
INSERT INTO `regularuser2` VALUES ('Adore Carnegy', '926 Hermina Crossing');
INSERT INTO `regularuser2` VALUES ('Flory Fann', '0410 Esker Alley');
INSERT INTO `regularuser2` VALUES ('Forbes Pickston', '763 Express Parkway');
INSERT INTO `regularuser2` VALUES ('Ferne Pickburn', '40149 Lukken Circle');
INSERT INTO `regularuser2` VALUES ('Mathilde Eggle', '92821 Ridgeway Point');
INSERT INTO `regularuser2` VALUES ('Ebeneser Laverack', '6772 Eastwood Lane');
INSERT INTO `regularuser2` VALUES ('Lewes Crigin', '984 Summer Ridge Plaza');
INSERT INTO `regularuser2` VALUES ('Shae Pexton', '561 Oak Valley Place');
INSERT INTO `regularuser2` VALUES ('Roy Giuron', '8433 Sherman Center');
INSERT INTO `regularuser2` VALUES ('Rustie Sambrok', '8655 Tennyson Way');
INSERT INTO `regularuser2` VALUES ('Aubrette Thomerson', '52386 Carey Center');
INSERT INTO `regularuser2` VALUES ('Worthy Beavis', '52 Sunnyside Lane');
INSERT INTO `regularuser2` VALUES ('Antonio Gariff', '72 Merchant Lane');
INSERT INTO `regularuser2` VALUES ('Davina Kingescot', '72299 Scott Alley');
INSERT INTO `regularuser2` VALUES ('Alissa Cecere', '0593 Truax Avenue');
INSERT INTO `regularuser2` VALUES ('Sheila-kathryn Beminster', '39 Mariners Cove Drive');
INSERT INTO `regularuser2` VALUES ('Francoise MacGinlay', '9069 Menomonie Terrace');
INSERT INTO `regularuser2` VALUES ('Percival Smieton', '6 Briar Crest Point');
INSERT INTO `regularuser2` VALUES ('Delmar Dinsell', '09 Corry Plaza');
INSERT INTO `regularuser2` VALUES ('Carmen Applebee', '00137 Superior Circle');
INSERT INTO `regularuser2` VALUES ('Issie Grichukhin', '7959 Doe Crossing Road');
INSERT INTO `regularuser2` VALUES ('Nicoline Rabson', '9 Sheridan Trail');
INSERT INTO `regularuser2` VALUES ('Margo Christy', '79693 Havey Point');
INSERT INTO `regularuser2` VALUES ('Penelopa Dawkes', '8 Esch Lane');
INSERT INTO `regularuser2` VALUES ('Georgi Mungan', '51 David Point');
INSERT INTO `regularuser2` VALUES ('Doralyn Dannehl', '7945 Shasta Trail');
INSERT INTO `regularuser2` VALUES ('Willy Levett', '6434 Ilene Crossing');
INSERT INTO `regularuser2` VALUES ('Krystalle Butchart', '02144 Toban Terrace');
INSERT INTO `regularuser2` VALUES ('Port Rainer', '5248 Westport Crossing');
INSERT INTO `regularuser2` VALUES ('Cloris Jendrach', '633 Division Junction');
INSERT INTO `regularuser2` VALUES ('Addison Keveren', '90003 Starling Hill');
INSERT INTO `regularuser2` VALUES ('Pattie Aggio', '3 Union Circle');
INSERT INTO `regularuser2` VALUES ('Enrico Stienham', '1313 Cody Center');
INSERT INTO `regularuser2` VALUES ('Stacia Conelly', '2 Daystar Crossing');
INSERT INTO `regularuser2` VALUES ('Gibbie Alvin', '79 Dryden Crossing');
INSERT INTO `regularuser2` VALUES ('Balduin Ivanchikov', '0835 Laurel Parkway');
INSERT INTO `regularuser2` VALUES ('Matilda Shyre', '5 Bartelt Street');
INSERT INTO `regularuser2` VALUES ('Cazzie Barter', '9 Roxbury Point');
INSERT INTO `regularuser2` VALUES ('Jami Mauro', '93 Prentice Point');
INSERT INTO `regularuser2` VALUES ('Vere Southard', '8196 Anzinger Place');
INSERT INTO `regularuser2` VALUES ('Marielle Callendar', '437 Morrow Avenue');
INSERT INTO `regularuser2` VALUES ('Sayre Ancketill', '94 Logan Street');
INSERT INTO `regularuser2` VALUES ('Ivy Ledrane', '2 Nova Drive');
INSERT INTO `regularuser2` VALUES ('Rosanne Humerstone', '3061 Clarendon Road');
INSERT INTO `regularuser2` VALUES ('Bartholomew Winnard', '73936 Petterle Circle');
INSERT INTO `regularuser2` VALUES ('Merrill Gammons', '3 Prairieview Circle');
INSERT INTO `regularuser2` VALUES ('Susi Ashfield', '6 Crowley Circle');
INSERT INTO `regularuser2` VALUES ('Thekla Josefsson', '65 Jackson Alley');
INSERT INTO `regularuser2` VALUES ('Kayne Inde', '925 Portage Drive');
INSERT INTO `regularuser2` VALUES ('Carolynn Dodworth', '28824 Burrows Lane');
INSERT INTO `regularuser2` VALUES ('Cobby de Wilde', '965 Fulton Drive');
INSERT INTO `regularuser2` VALUES ('Rafe Fourman', '4 Towne Point');
INSERT INTO `regularuser2` VALUES ('Tull Linne', '6 Crest Line Terrace');
INSERT INTO `regularuser2` VALUES ('Reagen Blanking', '5 Florence Circle');
INSERT INTO `regularuser2` VALUES ('Gabi Maddison', '02638 Ramsey Drive');
INSERT INTO `regularuser2` VALUES ('Tilda Berni', '77806 Portage Trail');
INSERT INTO `regularuser2` VALUES ('Lowell Treven', '592 Killdeer Street');
INSERT INTO `regularuser2` VALUES ('Rasia Chiles', '01 Harper Terrace');
INSERT INTO `regularuser2` VALUES ('Liuka Antonietti', '870 Scofield Parkway');
INSERT INTO `regularuser2` VALUES ('Kandy Syers', '74 Commercial Way');
INSERT INTO `regularuser2` VALUES ('Wilone Steinhammer', '5901 Westridge Place');
INSERT INTO `regularuser2` VALUES ('Nerissa Rowley', '22737 Hovde Terrace');
INSERT INTO `regularuser2` VALUES ('Mimi Gallandre', '970 Mcbride Place');
INSERT INTO `regularuser2` VALUES ('Veronique Dovydenas', '6 Ronald Regan Plaza');
INSERT INTO `regularuser2` VALUES ('Korie Jewise', '022 Florence Drive');
INSERT INTO `regularuser2` VALUES ('Michell Foster', '0 Comanche Terrace');
INSERT INTO `regularuser2` VALUES ('Rivkah Antonat', '20 Manley Avenue');
INSERT INTO `regularuser2` VALUES ('Leonora Jeffreys', '82822 Spohn Way');
INSERT INTO `regularuser2` VALUES ('Janelle Reynault', '40 Mayfield Trail');
INSERT INTO `regularuser2` VALUES ('Morrie Frape', '9 Paget Drive');
INSERT INTO `regularuser2` VALUES ('Woody Briars', '80 Buena Vista Point');
INSERT INTO `regularuser2` VALUES ('Shem Moxley', '1343 Weeping Birch Pass');
INSERT INTO `regularuser2` VALUES ('Clemmy Cheal', '300 Gateway Trail');
INSERT INTO `regularuser2` VALUES ('Neala Pudge', '9 Shopko Avenue');
INSERT INTO `regularuser2` VALUES ('Tim Pes', '43237 Ronald Regan Way');
INSERT INTO `regularuser2` VALUES ('Chaddy McColley', '233 Hoard Road');
INSERT INTO `regularuser2` VALUES ('Wendell Paget', '2 Commercial Point');
INSERT INTO `regularuser2` VALUES ('Garner Ronayne', '762 Sachs Drive');
INSERT INTO `regularuser2` VALUES ('Cody Inderwick', '4509 Monica Lane');
INSERT INTO `regularuser2` VALUES ('Georgeta Bozworth', '91 Badeau Parkway');
INSERT INTO `regularuser2` VALUES ('Benyamin Zorn', '4229 Mifflin Junction');
INSERT INTO `regularuser2` VALUES ('Riva Rowett', '4177 Northridge Terrace');
INSERT INTO `regularuser2` VALUES ('Maurizio Blamey', '8566 Loftsgordon Plaza');
INSERT INTO `regularuser2` VALUES ('Penni Farans', '1 Autumn Leaf Point');
INSERT INTO `regularuser2` VALUES ('Dot Jeves', '8030 Dwight Point');
INSERT INTO `regularuser2` VALUES ('Maisie Voysey', '78079 Clemons Trail');
INSERT INTO `regularuser2` VALUES ('Nelly Pods', '973 Heath Center');
INSERT INTO `regularuser2` VALUES ('Christin Wrotchford', '8744 Rieder Plaza');
INSERT INTO `regularuser2` VALUES ('Stefanie Shynn', '1 Sloan Way');
INSERT INTO `regularuser2` VALUES ('Emmalynn Glenn', '2 Bonner Court');
INSERT INTO `regularuser2` VALUES ('Emalia Kose', '405 Buhler Trail');
INSERT INTO `regularuser2` VALUES ('Pauli Ronan', '50964 Killdeer Plaza');
INSERT INTO `regularuser2` VALUES ('Patsy Fehner', '014 Golf Course Hill');
INSERT INTO `regularuser2` VALUES ('Lew Bonhan', '42174 Loeprich Way');
INSERT INTO `regularuser2` VALUES ('Miriam Crockford', '673 Walton Avenue');
INSERT INTO `regularuser2` VALUES ('Alverta Itzcak', '8 Alpine Terrace');
INSERT INTO `regularuser2` VALUES ('Killy Menary', '72886 Vera Way');
INSERT INTO `regularuser2` VALUES ('Cyrus Hampson', '40283 Grayhawk Way');
INSERT INTO `regularuser2` VALUES ('Cleopatra Evett', '4544 Monterey Road');
INSERT INTO `regularuser2` VALUES ('Wilhelmina Maulin', '986 Utah Hill');
INSERT INTO `regularuser2` VALUES ('Charmane Junifer', '215 Grim Center');
INSERT INTO `regularuser2` VALUES ('Kittie Butt Gow', '15966 Moose Avenue');
INSERT INTO `regularuser2` VALUES ('Lalo Cloney', '5861 Heath Road');
INSERT INTO `regularuser2` VALUES ('Filip Boissier', '39509 Merchant Road');
INSERT INTO `regularuser2` VALUES ('Reider Meagh', '9645 Killdeer Parkway');
INSERT INTO `regularuser2` VALUES ('Kristoffer Pinner', '9 Dryden Circle');
INSERT INTO `regularuser2` VALUES ('Elka Gronowe', '1 Arrowood Parkway');
INSERT INTO `regularuser2` VALUES ('Lee Kynvin', '55 Roxbury Road');
INSERT INTO `regularuser2` VALUES ('Ingaberg Pineaux', '270 Ohio Crossing');
INSERT INTO `regularuser2` VALUES ('Barbette Whelpton', '0089 Grover Place');
INSERT INTO `regularuser2` VALUES ('Ulrich Thome', '7382 Independence Pass');
INSERT INTO `regularuser2` VALUES ('Lucina Radborne', '36 Redwing Court');
INSERT INTO `regularuser2` VALUES ('Curtice Pinck', '85 Fairfield Plaza');
INSERT INTO `regularuser2` VALUES ('Julia Verbrugghen', '68211 Doe Crossing Terrace');
INSERT INTO `regularuser2` VALUES ('Leif Awton', '932 Village Street');
INSERT INTO `regularuser2` VALUES ('Clementius Belvard', '30 Tomscot Trail');
INSERT INTO `regularuser2` VALUES ('Edvard Borwick', '610 Pine View Court');
INSERT INTO `regularuser2` VALUES ('Vinnie Rogez', '640 Warbler Drive');
INSERT INTO `regularuser2` VALUES ('Daveta McIlwraith', '3 Schurz Point');
INSERT INTO `regularuser2` VALUES ('Deane Blakeney', '99862 Bluejay Circle');
INSERT INTO `regularuser2` VALUES ('Christina Worsnop', '43 Fuller Parkway');
INSERT INTO `regularuser2` VALUES ('Augusto Pinch', '82 Eliot Way');
INSERT INTO `regularuser2` VALUES ('Isac Kerkham', '57 Old Gate Way');
INSERT INTO `regularuser2` VALUES ('Lezlie Lamboll', '6117 Mccormick Point');
INSERT INTO `regularuser2` VALUES ('Gregg Spellacey', '54415 Sachs Point');
INSERT INTO `regularuser2` VALUES ('Kenyon Haggas', '858 Green Ridge Hill');
INSERT INTO `regularuser2` VALUES ('Shermy Mudle', '7 Schurz Plaza');
INSERT INTO `regularuser2` VALUES ('Thomas Pine', '455 Lakewood Gardens Road');
INSERT INTO `regularuser2` VALUES ('Layne Say', '2135 Sloan Alley');
INSERT INTO `regularuser2` VALUES ('Ernestine Gennings', '50069 Luster Crossing');
INSERT INTO `regularuser2` VALUES ('Beulah Oles', '24343 Menomonie Plaza');
INSERT INTO `regularuser2` VALUES ('Athene Vodden', '3 Hanover Drive');
INSERT INTO `regularuser2` VALUES ('Monty Dumingo', '94 Carpenter Junction');
INSERT INTO `regularuser2` VALUES ('Lucia Greatreax', '31230 Westport Place');
INSERT INTO `regularuser2` VALUES ('Isa Lanbertoni', '1 Kensington Terrace');
INSERT INTO `regularuser2` VALUES ('Korey Feaveryear', '47 Homewood Avenue');
INSERT INTO `regularuser2` VALUES ('Steffie Reiglar', '9 Melby Alley');
INSERT INTO `regularuser2` VALUES ('Nikolos Josephs', '7 Park Meadow Avenue');
INSERT INTO `regularuser2` VALUES ('Mala Whitfield', '788 Tennyson Circle');
INSERT INTO `regularuser2` VALUES ('Nellie Gini', '2 Packers Plaza');
INSERT INTO `regularuser2` VALUES ('Farley Wyldbore', '9 Lake View Way');
INSERT INTO `regularuser2` VALUES ('Frazier McIlwraith', '8 Granby Hill');
INSERT INTO `regularuser2` VALUES ('Olly Benedetti', '0 Crescent Oaks Avenue');
INSERT INTO `regularuser2` VALUES ('Gaspard Mohring', '166 Hanover Drive');
INSERT INTO `regularuser2` VALUES ('Kerstin Kastel', '6298 Burning Wood Point');
INSERT INTO `regularuser2` VALUES ('Earle Salters', '05433 High Crossing Circle');
INSERT INTO `regularuser2` VALUES ('Allison Buffery', '4618 Maple Plaza');
INSERT INTO `regularuser2` VALUES ('Ferguson Decourt', '60946 Shoshone Lane');
INSERT INTO `regularuser2` VALUES ('Cassondra Dewberry', '640 Loeprich Center');
INSERT INTO `regularuser2` VALUES ('Shell Antat', '66 Oriole Road');
INSERT INTO `regularuser2` VALUES ('Shelia Gaffer', '3 Emmet Street');
INSERT INTO `regularuser2` VALUES ('Lizzy Overy', '25505 Anderson Trail');
INSERT INTO `regularuser2` VALUES ('Corabel Flinn', '3 Badeau Way');
INSERT INTO `regularuser2` VALUES ('Junette Estable', '3 Crowley Road');
INSERT INTO `regularuser2` VALUES ('Eadith Monteaux', '3610 International Plaza');
INSERT INTO `regularuser2` VALUES ('Martino Jessel', '89 Kensington Plaza');
INSERT INTO `regularuser2` VALUES ('Marchall Dredge', '0877 Dixon Court');
INSERT INTO `regularuser2` VALUES ('Jessamyn Atwill', '3490 Meadow Vale Circle');
INSERT INTO `regularuser2` VALUES ('Caron Welland', '0589 Summerview Drive');
INSERT INTO `regularuser2` VALUES ('Fairfax Yakobowitz', '184 Delaware Drive');
INSERT INTO `regularuser2` VALUES ('Stillmann Shailer', '028 Karstens Circle');
INSERT INTO `regularuser2` VALUES ('Giusto Paramore', '393 Di Loreto Place');
INSERT INTO `regularuser2` VALUES ('Elmira Balham', '78 Fisk Junction');
INSERT INTO `regularuser2` VALUES ('Asia Hearons', '5 Jenna Avenue');
INSERT INTO `regularuser2` VALUES ('Ninetta McCloy', '64485 Morningstar Parkway');
INSERT INTO `regularuser2` VALUES ('Rip Eaddy', '50 Delladonna Junction');
INSERT INTO `regularuser2` VALUES ('Noelle Vedyaev', '948 Heffernan Plaza');
INSERT INTO `regularuser2` VALUES ('Mahmoud Short', '730 Reindahl Circle');
INSERT INTO `regularuser2` VALUES ('Jana Baxter', '062 Petterle Center');
INSERT INTO `regularuser2` VALUES ('Fredra Starten', '48509 Basil Hill');
INSERT INTO `regularuser2` VALUES ('Neal Hardwin', '468 Warner Place');
INSERT INTO `regularuser2` VALUES ('Bancroft Searchfield', '464 Westport Crossing');
INSERT INTO `regularuser2` VALUES ('Boot Paddemore', '6 Wayridge Street');
INSERT INTO `regularuser2` VALUES ('Ruttger Jess', '5816 Springs Lane');
INSERT INTO `regularuser2` VALUES ('Arnold Verralls', '97524 Shoshone Pass');
INSERT INTO `regularuser2` VALUES ('Galvan Milius', '65 Mcguire Place');
INSERT INTO `regularuser2` VALUES ('Tiphani Sproat', '6 Hollow Ridge Drive');
INSERT INTO `regularuser2` VALUES ('Benny McGuirk', '51 Elka Junction');
INSERT INTO `regularuser2` VALUES ('Trenton Fishburn', '27 Lien Terrace');
INSERT INTO `regularuser2` VALUES ('Mirabel Mulhall', '3 Rieder Circle');
INSERT INTO `regularuser2` VALUES ('Kay Salway', '644 Hagan Plaza');
INSERT INTO `regularuser2` VALUES ('Ali Shore', '4 Anthes Court');
INSERT INTO `regularuser2` VALUES ('Salmon Clayhill', '5 Tennyson Avenue');
INSERT INTO `regularuser2` VALUES ('Elyse de Broke', '12 Bartelt Circle');
INSERT INTO `regularuser2` VALUES ('Kalie Bellows', '968 Cody Park');
INSERT INTO `regularuser2` VALUES ('Edie Jelphs', '7489 Morning Point');
INSERT INTO `regularuser2` VALUES ('Jerald Romushkin', '8610 Prairieview Street');
INSERT INTO `regularuser2` VALUES ('Xenia Lovelace', '03007 North Hill');
INSERT INTO `regularuser2` VALUES ('Agathe McNea', '92042 Harper Park');
INSERT INTO `regularuser2` VALUES ('Andrey Di Biagio', '4 Redwing Alley');
INSERT INTO `regularuser2` VALUES ('Milt Furney', '301 Algoma Circle');
INSERT INTO `regularuser2` VALUES ('Everett Rubenovic', '39 Fairview Terrace');
INSERT INTO `regularuser2` VALUES ('Orv Chaves', '5106 Ilene Parkway');
INSERT INTO `regularuser2` VALUES ('Tabby Extall', '9 Cardinal Parkway');
INSERT INTO `regularuser2` VALUES ('Heidie Memmory', '2 Monica Alley');
INSERT INTO `regularuser2` VALUES ('Rachel Carlett', '086 Orin Court');
INSERT INTO `regularuser2` VALUES ('Shell Gowanlock', '1 Bay Avenue');
INSERT INTO `regularuser2` VALUES ('Candra Woodfine', '6 Schmedeman Terrace');
INSERT INTO `regularuser2` VALUES ('Mada Dinsey', '35 Swallow Pass');
INSERT INTO `regularuser2` VALUES ('Jillene Guise', '48641 Pankratz Way');
INSERT INTO `regularuser2` VALUES ('Fawne Aldiss', '850 Holmberg Hill');
INSERT INTO `regularuser2` VALUES ('Casper Cassel', '816 Maple Wood Trail');
INSERT INTO `regularuser2` VALUES ('Ambrose Ruddin', '09213 Loeprich Hill');
INSERT INTO `regularuser2` VALUES ('Lemar Pfaffel', '27 Johnson Avenue');
INSERT INTO `regularuser2` VALUES ('Vanni Cleaver', '044 Helena Crossing');
INSERT INTO `regularuser2` VALUES ('Rubi Brechin', '5826 Westend Avenue');
INSERT INTO `regularuser2` VALUES ('Trace VanBrugh', '54570 Dixon Lane');
INSERT INTO `regularuser2` VALUES ('Evelina Showering', '4 Manitowish Junction');
INSERT INTO `regularuser2` VALUES ('Cristin Wherrett', '7226 Michigan Court');
INSERT INTO `regularuser2` VALUES ('Vonnie Addis', '1433 6th Junction');
INSERT INTO `regularuser2` VALUES ('Jo Kitcat', '6693 La Follette Lane');
INSERT INTO `regularuser2` VALUES ('Jaquenetta Isac', '9876 Garrison Lane');
INSERT INTO `regularuser2` VALUES ('Ethe Wolfit', '116 Veith Road');
INSERT INTO `regularuser2` VALUES ('Audrie Dyka', '87546 Comanche Circle');
INSERT INTO `regularuser2` VALUES ('Griffie Tipple', '81 Maple Wood Park');
INSERT INTO `regularuser2` VALUES ('Adoree Bunstone', '18436 Eliot Circle');
INSERT INTO `regularuser2` VALUES ('Dell Attenbrough', '8256 Sachs Lane');
INSERT INTO `regularuser2` VALUES ('Jamill Edgehill', '91 Forest Dale Parkway');
INSERT INTO `regularuser2` VALUES ('Ninon Buye', '3832 Maryland Street');
INSERT INTO `regularuser2` VALUES ('Barr Osborn', '64139 Upham Way');
INSERT INTO `regularuser2` VALUES ('Hilliary Fuzzey', '98409 Messerschmidt Drive');
INSERT INTO `regularuser2` VALUES ('Elfrida Botly', '327 Michigan Lane');
INSERT INTO `regularuser2` VALUES ('Asia Bransby', '0 Veith Hill');
INSERT INTO `regularuser2` VALUES ('Scott Littlechild', '1913 Eagle Crest Alley');
INSERT INTO `regularuser2` VALUES ('Denys Folonin', '36261 Prairie Rose Road');
INSERT INTO `regularuser2` VALUES ('Wilhelm Leeb', '5333 Sheridan Circle');
INSERT INTO `regularuser2` VALUES ('Purcell De Minico', '73527 Bluestem Trail');
INSERT INTO `regularuser2` VALUES ('Allistir McGrudder', '4 Forest Run Alley');
INSERT INTO `regularuser2` VALUES ('Belvia Toal', '2624 Manufacturers Circle');
INSERT INTO `regularuser2` VALUES ('Cully Blease', '175 La Follette Lane');
INSERT INTO `regularuser2` VALUES ('Fayette Coy', '75306 Clemons Place');
INSERT INTO `regularuser2` VALUES ('Rosetta Eborn', '66117 Ludington Street');
INSERT INTO `regularuser2` VALUES ('Pierre Ockenden', '61 Pankratz Terrace');
INSERT INTO `regularuser2` VALUES ('Vincenty Fenne', '720 Maywood Alley');
INSERT INTO `regularuser2` VALUES ('Pauletta Maxwell', '23679 Rockefeller Junction');
INSERT INTO `regularuser2` VALUES ('Taddeo McNair', '9847 Cherokee Drive');
INSERT INTO `regularuser2` VALUES ('Claude Jeeks', '23 Mandrake Lane');
INSERT INTO `regularuser2` VALUES ('Inglis Stiegers', '127 Miller Alley');
INSERT INTO `regularuser2` VALUES ('Iorgo Riep', '010 Florence Road');
INSERT INTO `regularuser2` VALUES ('Francklyn Rickhuss', '4 Reinke Hill');
INSERT INTO `regularuser2` VALUES ('Ricky Mumm', '8 Farmco Way');
INSERT INTO `regularuser2` VALUES ('Gilligan Grandisson', '50944 Esker Hill');
INSERT INTO `regularuser2` VALUES ('Petronille Spadari', '90176 International Plaza');
INSERT INTO `regularuser2` VALUES ('Adriena Tookey', '9 Schlimgen Circle');
INSERT INTO `regularuser2` VALUES ('Sasha Chetwynd', '268 Derek Center');
INSERT INTO `regularuser2` VALUES ('Sarine Grenfell', '9 Hollow Ridge Hill');
INSERT INTO `regularuser2` VALUES ('Edythe Ennion', '698 Clyde Gallagher Circle');
INSERT INTO `regularuser2` VALUES ('Filbert Joinsey', '08 Everett Hill');
INSERT INTO `regularuser2` VALUES ('Karol Takkos', '73995 Hooker Circle');
INSERT INTO `regularuser2` VALUES ('Ringo Digwood', '2682 Arizona Court');
INSERT INTO `regularuser2` VALUES ('Brien McPhilemy', '63 6th Avenue');
INSERT INTO `regularuser2` VALUES ('Noellyn Pideon', '53956 Del Sol Road');
INSERT INTO `regularuser2` VALUES ('Betta Kezor', '13370 Westerfield Alley');
INSERT INTO `regularuser2` VALUES ('Ulberto DeSousa', '3 Reinke Court');
INSERT INTO `regularuser2` VALUES ('Nicolais Popplestone', '6 Dixon Lane');
INSERT INTO `regularuser2` VALUES ('Saw Dutchburn', '4705 Orin Parkway');
INSERT INTO `regularuser2` VALUES ('Corey Ayers', '130 Merry Park');
INSERT INTO `regularuser2` VALUES ('Bride Stoker', '19 Porter Parkway');
INSERT INTO `regularuser2` VALUES ('Gabriella Tixall', '8 Badeau Circle');
INSERT INTO `regularuser2` VALUES ('Dominique Rissom', '7722 Luster Alley');
INSERT INTO `regularuser2` VALUES ('Zondra Mattis', '9 Claremont Court');
INSERT INTO `regularuser2` VALUES ('Kaitlynn Folca', '78 Shopko Alley');
INSERT INTO `regularuser2` VALUES ('Mamie Bartocci', '51 Dawn Alley');
INSERT INTO `regularuser2` VALUES ('Gale Cowp', '450 Monica Center');
INSERT INTO `regularuser2` VALUES ('Arleta Mohan', '9134 Mcguire Center');
INSERT INTO `regularuser2` VALUES ('Legra Doyle', '9394 Schiller Hill');
INSERT INTO `regularuser2` VALUES ('Giavani Grassett', '87546 Green Ridge Terrace');
INSERT INTO `regularuser2` VALUES ('Vernon Mattusov', '60622 Carioca Park');
INSERT INTO `regularuser2` VALUES ('Barb Blain', '4311 Rowland Center');
INSERT INTO `regularuser2` VALUES ('Gorden Fazackerley', '59 Independence Point');
INSERT INTO `regularuser2` VALUES ('Maud Di Angelo', '4306 3rd Street');
INSERT INTO `regularuser2` VALUES ('Beniamino Twinberrow', '20250 Delaware Alley');
INSERT INTO `regularuser2` VALUES ('Terri Shurlock', '58 7th Drive');
INSERT INTO `regularuser2` VALUES ('Loren Martine', '49 Dawn Alley');
INSERT INTO `regularuser2` VALUES ('Elberta Blundel', '8681 Hayes Circle');
INSERT INTO `regularuser2` VALUES ('Austin Cowndley', '0401 Messerschmidt Place');
INSERT INTO `regularuser2` VALUES ('Georgetta Skitterel', '4602 Comanche Lane');
INSERT INTO `regularuser2` VALUES ('Gregoire Down', '79 Ilene Circle');
INSERT INTO `regularuser2` VALUES ('Chandal Coulman', '43122 North Park');
INSERT INTO `regularuser2` VALUES ('Annalee Espadas', '357 Banding Court');
INSERT INTO `regularuser2` VALUES ('Jeralee Stoggell', '5478 Northwestern Pass');
INSERT INTO `regularuser2` VALUES ('Row Danet', '166 Mosinee Point');
INSERT INTO `regularuser2` VALUES ('Paulie Treske', '229 Russell Center');
INSERT INTO `regularuser2` VALUES ('Laurella Lilian', '0 Mesta Hill');
INSERT INTO `regularuser2` VALUES ('Benson Hembry', '4 Kipling Junction');
INSERT INTO `regularuser2` VALUES ('Rosco Sedcole', '333 Del Sol Point');
INSERT INTO `regularuser2` VALUES ('Lamond Beston', '8 Westerfield Center');
INSERT INTO `regularuser2` VALUES ('Ebba Arzu', '5532 Magdeline Circle');
INSERT INTO `regularuser2` VALUES ('Nicki Lavers', '4 Bartillon Terrace');
INSERT INTO `regularuser2` VALUES ('Clerkclaude Filasov', '72 Fallview Terrace');
INSERT INTO `regularuser2` VALUES ('Elroy Huyton', '41379 Green Ridge Avenue');
INSERT INTO `regularuser2` VALUES ('Abe Wilber', '269 Gina Lane');
INSERT INTO `regularuser2` VALUES ('Fran Meech', '8 Milwaukee Alley');
INSERT INTO `regularuser2` VALUES ('Waring Reuven', '6 Quincy Street');
INSERT INTO `regularuser2` VALUES ('Manda Gatcliff', '21 Sullivan Park');
INSERT INTO `regularuser2` VALUES ('Cleopatra Lindup', '5434 6th Street');
INSERT INTO `regularuser2` VALUES ('Sonnie Goodbourn', '62 Transport Place');
INSERT INTO `regularuser2` VALUES ('Danila Gerin', '23 Sommers Place');
INSERT INTO `regularuser2` VALUES ('Keven Bonick', '9 Linden Avenue');
INSERT INTO `regularuser2` VALUES ('Kameko Terrelly', '4 Melrose Trail');
INSERT INTO `regularuser2` VALUES ('Tasha Kryszka', '2 Northwestern Center');
INSERT INTO `regularuser2` VALUES ('Demetris Deex', '25701 American Ash Center');
INSERT INTO `regularuser2` VALUES ('Maynord Szymoni', '3 7th Parkway');
INSERT INTO `regularuser2` VALUES ('Delila Petrollo', '7 Anderson Trail');
INSERT INTO `regularuser2` VALUES ('Konstantin Lucey', '728 Golden Leaf Alley');
INSERT INTO `regularuser2` VALUES ('Vonny Bulfield', '604 Glacier Hill Center');
INSERT INTO `regularuser2` VALUES ('Anastasia Powder', '9089 Superior Avenue');
INSERT INTO `regularuser2` VALUES ('Malinde Josowitz', '2 Melby Road');
INSERT INTO `regularuser2` VALUES ('Starr Newiss', '76018 Village Green Street');
INSERT INTO `regularuser2` VALUES ('Wadsworth Plank', '76737 Lake View Alley');
INSERT INTO `regularuser2` VALUES ('Ermina Verner', '0338 Graceland Way');
INSERT INTO `regularuser2` VALUES ('Anet Server', '7774 Leroy Way');
INSERT INTO `regularuser2` VALUES ('Callie Sickamore', '2428 Eagle Crest Road');
INSERT INTO `regularuser2` VALUES ('Cordelie Yglesias', '3 Little Fleur Trail');
INSERT INTO `regularuser2` VALUES ('Wheeler Pauls', '3100 Leroy Terrace');
INSERT INTO `regularuser2` VALUES ('Pooh Finessy', '9 Menomonie Park');
INSERT INTO `regularuser2` VALUES ('Edmund Mathelon', '46060 Kinsman Junction');
INSERT INTO `regularuser2` VALUES ('Boniface Mathiasen', '27 Hintze Alley');
INSERT INTO `regularuser2` VALUES ('Beret Brislawn', '6 Daystar Park');
INSERT INTO `regularuser2` VALUES ('Vladamir Domleo', '91 Merrick Terrace');
INSERT INTO `regularuser2` VALUES ('Minny Redley', '94065 Pankratz Trail');
INSERT INTO `regularuser2` VALUES ('Dougy Hardcastle', '24574 Merry Park');
INSERT INTO `regularuser2` VALUES ('Rafferty Mantrip', '52305 Florence Hill');
INSERT INTO `regularuser2` VALUES ('Colman Agastina', '5025 Independence Plaza');
INSERT INTO `regularuser2` VALUES ('Cordelia Fealty', '36 Pearson Lane');
INSERT INTO `regularuser2` VALUES ('Terrell Attewell', '97 Melby Court');
INSERT INTO `regularuser2` VALUES ('Jacqui Horribine', '13 Warbler Hill');
INSERT INTO `regularuser2` VALUES ('Pooh Valett', '12405 Corry Road');
INSERT INTO `regularuser2` VALUES ('Sherry Thowes', '98839 Clove Parkway');
INSERT INTO `regularuser2` VALUES ('Mathew Baigent', '277 American Ash Lane');
INSERT INTO `regularuser2` VALUES ('Donnell Halvosen', '643 Carberry Park');
INSERT INTO `regularuser2` VALUES ('Allen Robins', '228 Stuart Circle');
INSERT INTO `regularuser2` VALUES ('Kelila Duncombe', '3770 Bowman Drive');
INSERT INTO `regularuser2` VALUES ('Currie Deegin', '552 Namekagon Park');
INSERT INTO `regularuser2` VALUES ('Joella Luckett', '8091 Heath Court');
INSERT INTO `regularuser2` VALUES ('Isabelle Mandres', '208 Dawn Street');
INSERT INTO `regularuser2` VALUES ('Cher Kempshall', '83 Messerschmidt Junction');
INSERT INTO `regularuser2` VALUES ('Ginny Inglese', '9503 Hollow Ridge Street');
INSERT INTO `regularuser2` VALUES ('Alexandros Nussgen', '55 Eliot Point');
INSERT INTO `regularuser2` VALUES ('Dorothee Slucock', '07919 Corry Avenue');
INSERT INTO `regularuser2` VALUES ('Benedikta Casa', '600 Evergreen Crossing');
INSERT INTO `regularuser2` VALUES ('Rutter Wynch', '0980 Buell Street');
INSERT INTO `regularuser2` VALUES ('Bernadette Syvret', '259 Comanche Park');
INSERT INTO `regularuser2` VALUES ('Elihu Berling', '06 Northland Place');
INSERT INTO `regularuser2` VALUES ('Harper Beany', '66 Truax Court');
INSERT INTO `regularuser2` VALUES ('Devin Nigh', '72 Pepper Wood Alley');
INSERT INTO `regularuser2` VALUES ('Jacquelyn Dorrington', '067 Truax Terrace');
INSERT INTO `regularuser2` VALUES ('Rupert Swett', '14 Hovde Hill');
INSERT INTO `regularuser2` VALUES ('Bale Gallego', '337 Cordelia Junction');
INSERT INTO `regularuser2` VALUES ('Tallulah Lis', '379 Memorial Junction');
INSERT INTO `regularuser2` VALUES ('Berte Ibert', '06921 Cordelia Avenue');
INSERT INTO `regularuser2` VALUES ('Evy Giorgiutti', '846 Kipling Plaza');
INSERT INTO `regularuser2` VALUES ('Chas Philpots', '5020 Pawling Terrace');
INSERT INTO `regularuser2` VALUES ('Obed Lindstedt', '07 Derek Circle');
INSERT INTO `regularuser2` VALUES ('Torrin Folliss', '780 Lien Circle');
INSERT INTO `regularuser2` VALUES ('Herrick Algate', '28 Ramsey Avenue');
INSERT INTO `regularuser2` VALUES ('Edgardo Else', '1182 Glacier Hill Place');
INSERT INTO `regularuser2` VALUES ('Elle Pauleit', '648 Moland Lane');
INSERT INTO `regularuser2` VALUES ('Davidson Tutill', '451 Columbus Pass');
INSERT INTO `regularuser2` VALUES ('Nathanael Midghall', '13 Stephen Center');
INSERT INTO `regularuser2` VALUES ('Giffer Wathall', '70580 Summerview Pass');
INSERT INTO `regularuser2` VALUES ('Gretal Danett', '5 Anhalt Parkway');
INSERT INTO `regularuser2` VALUES ('Duane Smallpiece', '852 Oak Pass');
INSERT INTO `regularuser2` VALUES ('Blanch Overbury', '88 Garrison Center');
INSERT INTO `regularuser2` VALUES ('Rochell Gravy', '30470 Main Terrace');
INSERT INTO `regularuser2` VALUES ('Moll Barenskie', '49 Maywood Junction');
INSERT INTO `regularuser2` VALUES ('Iseabal Souza', '369 Hazelcrest Circle');
INSERT INTO `regularuser2` VALUES ('Atlanta Geistmann', '8734 Harper Street');
INSERT INTO `regularuser2` VALUES ('Monty Watkin', '72025 Jackson Parkway');
INSERT INTO `regularuser2` VALUES ('Walden Powland', '8 Moose Terrace');
INSERT INTO `regularuser2` VALUES ('Jed Corneil', '00 Elka Place');
INSERT INTO `regularuser2` VALUES ('Christie Szach', '447 Norway Maple Street');
INSERT INTO `regularuser2` VALUES ('Peterus Cowsby', '5 Commercial Center');
INSERT INTO `regularuser2` VALUES ('Iolande Zorer', '32579 Jenna Place');
INSERT INTO `regularuser2` VALUES ('Thorsten Child', '8 Everett Way');
INSERT INTO `regularuser2` VALUES ('Hendrika Skewes', '44324 Lake View Avenue');
INSERT INTO `regularuser2` VALUES ('Alisa MacGibbon', '1 Pine View Crossing');
INSERT INTO `regularuser2` VALUES ('Amandi Simyson', '57 Sundown Road');
INSERT INTO `regularuser2` VALUES ('Madlen Spaight', '12680 Leroy Park');
INSERT INTO `regularuser2` VALUES ('Essa Sheward', '12716 Charing Cross Road');
INSERT INTO `regularuser2` VALUES ('Rudolfo Galvin', '0 Roxbury Hill');
INSERT INTO `regularuser2` VALUES ('Andreas Dukesbury', '01 Schlimgen Circle');
INSERT INTO `regularuser2` VALUES ('Edith Barthrup', '72559 Spaight Avenue');
INSERT INTO `regularuser2` VALUES ('Malchy Craghead', '1708 Brickson Park Court');
INSERT INTO `regularuser2` VALUES ('Zane Cammis', '7 Drewry Drive');
INSERT INTO `regularuser2` VALUES ('Sonja Peplow', '3880 Mallard Junction');
INSERT INTO `regularuser2` VALUES ('Roderich Stern', '95061 Kennedy Crossing');
INSERT INTO `regularuser2` VALUES ('Melamie Jain', '745 Melody Way');
INSERT INTO `regularuser2` VALUES ('Zuzana Silverwood', '78359 Butterfield Lane');
INSERT INTO `regularuser2` VALUES ('Dara Freeberne', '215 Buena Vista Terrace');
INSERT INTO `regularuser2` VALUES ('Eliot Barthropp', '6 Charing Cross Parkway');
INSERT INTO `regularuser2` VALUES ('Jayme Giff', '2873 Graceland Point');
INSERT INTO `regularuser2` VALUES ('Dinny Hernik', '283 Marquette Lane');
INSERT INTO `regularuser2` VALUES ('Mar Stenning', '82258 Longview Alley');
INSERT INTO `regularuser2` VALUES ('Ilario Parzizek', '819 Myrtle Terrace');
INSERT INTO `regularuser2` VALUES ('Blinnie Elderton', '25839 Elgar Point');
INSERT INTO `regularuser2` VALUES ('Nadine Hurdiss', '89025 Knutson Park');
INSERT INTO `regularuser2` VALUES ('Malva Casseldine', '4 Spaight Park');
INSERT INTO `regularuser2` VALUES ('Nicoli Pezey', '89760 Fuller Park');
INSERT INTO `regularuser2` VALUES ('Nariko Willoughley', '76441 Milwaukee Crossing');
INSERT INTO `regularuser2` VALUES ('Tybi Brack', '7047 Iowa Parkway');
INSERT INTO `regularuser2` VALUES ('Brandice Bridywater', '65 Mitchell Drive');
INSERT INTO `regularuser2` VALUES ('Leslie Perl', '65 Anniversary Place');
INSERT INTO `regularuser2` VALUES ('Veda Corney', '0 Merrick Junction');
INSERT INTO `regularuser2` VALUES ('Kizzie Twelftree', '00900 Maywood Court');
INSERT INTO `regularuser2` VALUES ('Randy Clue', '726 Union Drive');
INSERT INTO `regularuser2` VALUES ('Joshuah Shilburne', '83919 Mayfield Trail');
INSERT INTO `regularuser2` VALUES ('Emmit Howman', '4574 Dixon Way');
INSERT INTO `regularuser2` VALUES ('Tremain McGloughlin', '6 Badeau Crossing');
INSERT INTO `regularuser2` VALUES ('Florry Arnefield', '02 Graceland Plaza');
INSERT INTO `regularuser2` VALUES ('Boote Ridsdole', '621 Ilene Center');
INSERT INTO `regularuser2` VALUES ('Marga Gartell', '8 Larry Terrace');
INSERT INTO `regularuser2` VALUES ('Joachim Alejo', '4 Cody Avenue');
INSERT INTO `regularuser2` VALUES ('Marja Caygill', '85322 Grasskamp Way');
INSERT INTO `regularuser2` VALUES ('Horton Indruch', '06014 Green Ridge Avenue');
INSERT INTO `regularuser2` VALUES ('Mariquilla Belsham', '22 Mockingbird Crossing');
INSERT INTO `regularuser2` VALUES ('Vidovic Sugge', '022 Elgar Drive');
INSERT INTO `regularuser2` VALUES ('Allayne Orbine', '35847 New Castle Hill');
INSERT INTO `regularuser2` VALUES ('Lonna De Biaggi', '103 Ridge Oak Place');
INSERT INTO `regularuser2` VALUES ('Dory Tripp', '127 Springs Street');
INSERT INTO `regularuser2` VALUES ('Delcine Clemmen', '5 Weeping Birch Park');
INSERT INTO `regularuser2` VALUES ('Nathanil Palley', '04 Russell Hill');
INSERT INTO `regularuser2` VALUES ('Lexy Maris', '42515 Saint Paul Plaza');
INSERT INTO `regularuser2` VALUES ('Dorisa Delafoy', '25050 Debs Alley');
INSERT INTO `regularuser2` VALUES ('Brynne Carff', '95628 Rockefeller Alley');
INSERT INTO `regularuser2` VALUES ('Anica Kunz', '8 Grayhawk Point');
INSERT INTO `regularuser2` VALUES ('Thatcher Dumphrey', '06 Mitchell Junction');
INSERT INTO `regularuser2` VALUES ('Ginger Nystrom', '7566 Gina Road');
INSERT INTO `regularuser2` VALUES ('Sara-ann Rowen', '85440 Dexter Place');
INSERT INTO `regularuser2` VALUES ('Jarib Tibbotts', '64369 Bayside Parkway');
INSERT INTO `regularuser2` VALUES ('Bren Craigs', '20154 Grover Drive');
INSERT INTO `regularuser2` VALUES ('Norrie Mellor', '198 Sheridan Hill');
INSERT INTO `regularuser2` VALUES ('Normie Hains', '8247 Barnett Pass');
INSERT INTO `regularuser2` VALUES ('Amandi Beckinsale', '2 Pankratz Park');
INSERT INTO `regularuser2` VALUES ('Herby Boxell', '96358 Mendota Center');
INSERT INTO `regularuser2` VALUES ('Adolphus Pabst', '644 Dorton Drive');
INSERT INTO `regularuser2` VALUES ('Olly Shills', '7377 Moose Way');
INSERT INTO `regularuser2` VALUES ('Vivyanne Rookledge', '18101 Springs Road');
INSERT INTO `regularuser2` VALUES ('Forrester Dymott', '16705 Del Sol Place');
INSERT INTO `regularuser2` VALUES ('Doris Alexsandrov', '5276 Northwestern Hill');
INSERT INTO `regularuser2` VALUES ('Sonnie Orniz', '6 Cottonwood Point');
INSERT INTO `regularuser2` VALUES ('Estel Adderley', '971 Miller Hill');
INSERT INTO `regularuser2` VALUES ('Heddie Klinck', '780 Carpenter Trail');
INSERT INTO `regularuser2` VALUES ('Sig Blackesland', '2 Sachtjen Street');
INSERT INTO `regularuser2` VALUES ('Angelina Sawkin', '5703 Vidon Hill');
INSERT INTO `regularuser2` VALUES ('Verena Krause', '54 Columbus Crossing');
INSERT INTO `regularuser2` VALUES ('Tiffani Skews', '5551 Spaight Place');
INSERT INTO `regularuser2` VALUES ('Aldric Larder', '4 Scott Road');
INSERT INTO `regularuser2` VALUES ('Poul Petters', '806 Carioca Crossing');
INSERT INTO `regularuser2` VALUES ('Adey Ellacombe', '59074 Porter Circle');
INSERT INTO `regularuser2` VALUES ('Maighdiln Delhay', '8 Lerdahl Way');
INSERT INTO `regularuser2` VALUES ('Salli Doore', '9 Gulseth Pass');
INSERT INTO `regularuser2` VALUES ('Loise Janczyk', '277 Armistice Trail');
INSERT INTO `regularuser2` VALUES ('Shem Esilmon', '4714 Rowland Court');
INSERT INTO `regularuser2` VALUES ('Alexandros Tarburn', '31 Anthes Pass');
INSERT INTO `regularuser2` VALUES ('Kaylyn Askaw', '5 Dottie Way');
INSERT INTO `regularuser2` VALUES ('Brooks Clayworth', '754 Little Fleur Way');
INSERT INTO `regularuser2` VALUES ('Alix Dreus', '5 Kennedy Crossing');
INSERT INTO `regularuser2` VALUES ('Isabelita Miskelly', '14447 Comanche Park');
INSERT INTO `regularuser2` VALUES ('Lizzie Hoyles', '638 Birchwood Plaza');
INSERT INTO `regularuser2` VALUES ('Akim Elphick', '52 Sutherland Lane');
INSERT INTO `regularuser2` VALUES ('Gene Nassau', '1 Ilene Way');
INSERT INTO `regularuser2` VALUES ('Lucila Werrit', '454 Jenifer Avenue');
INSERT INTO `regularuser2` VALUES ('Kennie Kellert', '0 Mandrake Drive');
INSERT INTO `regularuser2` VALUES ('Henryetta Whitfeld', '86 Hayes Junction');
INSERT INTO `regularuser2` VALUES ('Valida Dady', '6090 Muir Trail');
INSERT INTO `regularuser2` VALUES ('Robbyn Simmons', '73 Shoshone Pass');
INSERT INTO `regularuser2` VALUES ('Iggy Itzkowicz', '7 Arrowood Drive');
INSERT INTO `regularuser2` VALUES ('Philippe Consterdine', '1 Coolidge Center');
INSERT INTO `regularuser2` VALUES ('Peggi Lund', '665 Comanche Pass');
INSERT INTO `regularuser2` VALUES ('Edd Cheevers', '04512 Surrey Road');
INSERT INTO `regularuser2` VALUES ('Myranda Iffland', '14200 Porter Alley');
INSERT INTO `regularuser2` VALUES ('Ave Roney', '6809 Nova Parkway');
INSERT INTO `regularuser2` VALUES ('Candide Ivannikov', '30 Annamark Trail');
INSERT INTO `regularuser2` VALUES ('Tedd Syrie', '8913 Del Sol Point');
INSERT INTO `regularuser2` VALUES ('Joye Arno', '9 Fuller Drive');
INSERT INTO `regularuser2` VALUES ('Rodie Tanswill', '98962 Arapahoe Park');
INSERT INTO `regularuser2` VALUES ('Sigfried Whartonby', '6416 Dawn Drive');
INSERT INTO `regularuser2` VALUES ('Madge McGuinley', '71715 Arkansas Pass');
INSERT INTO `regularuser2` VALUES ('Lucina Quirke', '9 Basil Avenue');
INSERT INTO `regularuser2` VALUES ('Alford Scothron', '8 Havey Hill');
INSERT INTO `regularuser2` VALUES ('Marge Vernazza', '4 4th Junction');
INSERT INTO `regularuser2` VALUES ('Ab Pelling', '781 Cordelia Center');
INSERT INTO `regularuser2` VALUES ('Simonette Blackwell', '5 Sugar Plaza');
INSERT INTO `regularuser2` VALUES ('Dorene Featherston', '264 Bashford Center');
INSERT INTO `regularuser2` VALUES ('Oswald Staning', '44875 Fuller Junction');
INSERT INTO `regularuser2` VALUES ('Jemie Fansy', '5566 Vermont Circle');
INSERT INTO `regularuser2` VALUES ('Elfreda Gascoyne', '418 Mosinee Street');
INSERT INTO `regularuser2` VALUES ('Corrine St Ledger', '69 Mifflin Park');
INSERT INTO `regularuser2` VALUES ('Godfrey Stendell', '8198 Corry Drive');
INSERT INTO `regularuser2` VALUES ('Zebedee Gorce', '657 Spohn Park');
INSERT INTO `regularuser2` VALUES ('Stephi Winsborrow', '7549 Mandrake Pass');
INSERT INTO `regularuser2` VALUES ('Nat Lisciardelli', '915 Loftsgordon Street');
INSERT INTO `regularuser2` VALUES ('Amaleta Digweed', '6 Doe Crossing Parkway');
INSERT INTO `regularuser2` VALUES ('Celesta Machen', '8738 Cascade Street');
INSERT INTO `regularuser2` VALUES ('Cori Dwane', '90 Homewood Alley');
INSERT INTO `regularuser2` VALUES ('Stevy Phlipon', '732 Dorton Circle');
INSERT INTO `regularuser2` VALUES ('Sandie Seabourne', '68 Alpine Trail');
INSERT INTO `regularuser2` VALUES ('Magdalene Worsnip', '29582 Sunnyside Road');
INSERT INTO `regularuser2` VALUES ('Leola Abbiss', '840 Park Meadow Center');
INSERT INTO `regularuser2` VALUES ('Henriette Plaister', '02146 Holy Cross Hill');
INSERT INTO `regularuser2` VALUES ('Marlo Medd', '46835 7th Terrace');
INSERT INTO `regularuser2` VALUES ('Hope Bowton', '9225 Dwight Point');
INSERT INTO `regularuser2` VALUES ('Hermia Huthart', '8448 Miller Pass');
INSERT INTO `regularuser2` VALUES ('Blinni Mulderrig', '1 Fremont Center');
INSERT INTO `regularuser2` VALUES ('Coop Maylor', '8911 Sherman Center');
INSERT INTO `regularuser2` VALUES ('Stan Bridgen', '41149 Old Gate Trail');
INSERT INTO `regularuser2` VALUES ('Erina McEntee', '936 Scott Terrace');
INSERT INTO `regularuser2` VALUES ('Laurice Raye', '6303 Springs Circle');
INSERT INTO `regularuser2` VALUES ('Tallie Balleine', '74997 Stang Alley');
INSERT INTO `regularuser2` VALUES ('Sam Runnalls', '51093 Bashford Avenue');
INSERT INTO `regularuser2` VALUES ('Callean de Courcy', '01 1st Alley');
INSERT INTO `regularuser2` VALUES ('Elwyn Jonuzi', '1 Butternut Lane');
INSERT INTO `regularuser2` VALUES ('Sherye Haliday', '4 Village Crossing');
INSERT INTO `regularuser2` VALUES ('Leonie McKinney', '365 Park Meadow Center');
INSERT INTO `regularuser2` VALUES ('Nannette Roddy', '364 Hooker Court');
INSERT INTO `regularuser2` VALUES ('Dania Tongue', '8 Buell Road');
INSERT INTO `regularuser2` VALUES ('Cloe Harvatt', '4 Nobel Crossing');
INSERT INTO `regularuser2` VALUES ('Laryssa Golsby', '524 Cambridge Street');
INSERT INTO `regularuser2` VALUES ('Valina Gon', '33 Fremont Park');
INSERT INTO `regularuser2` VALUES ('Greta Dibdale', '1797 Ludington Junction');
INSERT INTO `regularuser2` VALUES ('Curt Leale', '07 Beilfuss Terrace');
INSERT INTO `regularuser2` VALUES ('Ganny Adkins', '7 Holmberg Court');
INSERT INTO `regularuser2` VALUES ('Juliane Gyver', '72 Graedel Pass');
INSERT INTO `regularuser2` VALUES ('Noelle Lacroutz', '5738 Goodland Crossing');
INSERT INTO `regularuser2` VALUES ('Augy Umpleby', '02 Pierstorff Lane');
INSERT INTO `regularuser2` VALUES ('Kerstin Townby', '0 Meadow Vale Place');
INSERT INTO `regularuser2` VALUES ('Waldemar Antos', '9 Buell Terrace');
INSERT INTO `regularuser2` VALUES ('Lonni Huddleston', '3 Sugar Junction');
INSERT INTO `regularuser2` VALUES ('Read Giannini', '63771 Nancy Place');
INSERT INTO `regularuser2` VALUES ('Lizzie Mawson', '53945 Golf View Crossing');
INSERT INTO `regularuser2` VALUES ('Rahel Izchaki', '7662 Acker Crossing');
INSERT INTO `regularuser2` VALUES ('Myrtle Elsop', '4 Iowa Street');
INSERT INTO `regularuser2` VALUES ('Merry Ghent', '28563 Cascade Way');
INSERT INTO `regularuser2` VALUES ('Wanda McEntegart', '877 Nelson Drive');
INSERT INTO `regularuser2` VALUES ('Si Mardling', '8 Merry Pass');
INSERT INTO `regularuser2` VALUES ('Morry Olivari', '05 Pierstorff Crossing');
INSERT INTO `regularuser2` VALUES ('Brana Fuzzey', '6560 Gulseth Circle');
INSERT INTO `regularuser2` VALUES ('Isidora Wykey', '11574 Vidon Avenue');
INSERT INTO `regularuser2` VALUES ('Kim Weavill', '3 Muir Junction');
INSERT INTO `regularuser2` VALUES ('Allys Turford', '8188 Schlimgen Crossing');
INSERT INTO `regularuser2` VALUES ('Windham Carlozzi', '15949 Onsgard Point');
INSERT INTO `regularuser2` VALUES ('Caritta O Neal', '4 Merchant Plaza');
INSERT INTO `regularuser2` VALUES ('Fay Copner', '95 Main Terrace');
INSERT INTO `regularuser2` VALUES ('Michel Millwater', '35 7th Trail');
INSERT INTO `regularuser2` VALUES ('Sheree Hillett', '5 Spenser Lane');
INSERT INTO `regularuser2` VALUES ('Mair Abyss', '75 Prairie Rose Junction');
INSERT INTO `regularuser2` VALUES ('Elden Aloway', '26 Haas Terrace');
INSERT INTO `regularuser2` VALUES ('Alberik Paulou', '54 Banding Parkway');
INSERT INTO `regularuser2` VALUES ('Cissy Blundon', '7996 Westerfield Hill');
INSERT INTO `regularuser2` VALUES ('Milly Welland', '45080 Maryland Plaza');
INSERT INTO `regularuser2` VALUES ('Brit Kunisch', '298 Kropf Way');
INSERT INTO `regularuser2` VALUES ('Delmer Brundrett', '65407 Nobel Terrace');
INSERT INTO `regularuser2` VALUES ('Kate Yoell', '1 Maryland Hill');
INSERT INTO `regularuser2` VALUES ('Harlene Sulman', '9960 Di Loreto Circle');
INSERT INTO `regularuser2` VALUES ('Ernesta Gawne', '34 Emmet Drive');
INSERT INTO `regularuser2` VALUES ('Tulley Keemar', '7937 Main Park');
INSERT INTO `regularuser2` VALUES ('Vin Annandale', '9879 Maple Wood Way');
INSERT INTO `regularuser2` VALUES ('Andie Gribbin', '0629 Scofield Parkway');
INSERT INTO `regularuser2` VALUES ('Mirabel MacMillan', '2 Fieldstone Park');
INSERT INTO `regularuser2` VALUES ('Even Keyte', '132 Westridge Center');
INSERT INTO `regularuser2` VALUES ('Bertha Mizen', '6972 Fieldstone Circle');
INSERT INTO `regularuser2` VALUES ('Roseanna Trobe', '33598 Vernon Alley');
INSERT INTO `regularuser2` VALUES ('Arie Skirling', '95 Beilfuss Terrace');
INSERT INTO `regularuser2` VALUES ('Maye Lukasik', '7290 Mcguire Junction');
INSERT INTO `regularuser2` VALUES ('Reggy Ohms', '82252 3rd Place');
INSERT INTO `regularuser2` VALUES ('Alaric Davidson', '406 Sauthoff Point');
INSERT INTO `regularuser2` VALUES ('Sonnnie Dummer', '6 Clarendon Parkway');
INSERT INTO `regularuser2` VALUES ('Stepha Larrosa', '14079 Westridge Place');
INSERT INTO `regularuser2` VALUES ('Creight Twigger', '185 Surrey Alley');
INSERT INTO `regularuser2` VALUES ('Marni Barniss', '69499 Truax Avenue');
INSERT INTO `regularuser2` VALUES ('Caspar Matthaus', '712 Green Point');
INSERT INTO `regularuser2` VALUES ('Upton Wakely', '9890 Kipling Trail');
INSERT INTO `regularuser2` VALUES ('Ginnifer Tyler', '81031 Grasskamp Lane');
INSERT INTO `regularuser2` VALUES ('Shalom Huison', '1 Butternut Center');
INSERT INTO `regularuser2` VALUES ('Alexander Bartoszewicz', '69019 Kingsford Point');
INSERT INTO `regularuser2` VALUES ('Victoir McFall', '751 Russell Crossing');
INSERT INTO `regularuser2` VALUES ('Fifine Cage', '7 Hazelcrest Pass');
INSERT INTO `regularuser2` VALUES ('Roxi Kerbey', '11967 Ruskin Junction');
INSERT INTO `regularuser2` VALUES ('Frants Mattea', '44144 Shelley Lane');
INSERT INTO `regularuser2` VALUES ('Joletta Zanetello', '23 Glendale Avenue');
INSERT INTO `regularuser2` VALUES ('Thayne Henze', '20 Mockingbird Parkway');
INSERT INTO `regularuser2` VALUES ('Johna Bortolomei', '5906 Hansons Place');
INSERT INTO `regularuser2` VALUES ('Alissa Ruffell', '787 Hintze Park');
INSERT INTO `regularuser2` VALUES ('Zaneta Tomney', '0499 Express Street');
INSERT INTO `regularuser2` VALUES ('Stinky Bentsen', '6870 7th Pass');
INSERT INTO `regularuser2` VALUES ('Timmi Millom', '3 Colorado Trail');
INSERT INTO `regularuser2` VALUES ('Darla Sennett', '5 Debra Drive');
INSERT INTO `regularuser2` VALUES ('Carri Leyband', '7 Kim Drive');
INSERT INTO `regularuser2` VALUES ('Clareta Trolley', '503 Colorado Circle');
INSERT INTO `regularuser2` VALUES ('Al Ogley', '0654 Carberry Lane');
INSERT INTO `regularuser2` VALUES ('Horatio Kilpin', '5833 Rowland Circle');
INSERT INTO `regularuser2` VALUES ('Illa MacCrann', '019 Melody Plaza');
INSERT INTO `regularuser2` VALUES ('Elle McArd', '10 Swallow Crossing');
INSERT INTO `regularuser2` VALUES ('Carlin Kehri', '74217 Bluestem Avenue');
INSERT INTO `regularuser2` VALUES ('Katee Wroath', '40434 Gale Hill');
INSERT INTO `regularuser2` VALUES ('Lou Tantrum', '6859 Monica Crossing');
INSERT INTO `regularuser2` VALUES ('Rickie Killigrew', '94 Butternut Park');
INSERT INTO `regularuser2` VALUES ('Tish Thieme', '17 Dixon Center');
INSERT INTO `regularuser2` VALUES ('Ruperta Shakespear', '33 Pleasure Way');
INSERT INTO `regularuser2` VALUES ('Grange Dubock', '3 Columbus Avenue');
INSERT INTO `regularuser2` VALUES ('Othello Totman', '1 Tony Drive');
INSERT INTO `regularuser2` VALUES ('Elinor Lawrenson', '8 Northwestern Alley');
INSERT INTO `regularuser2` VALUES ('Madeline Livingston', '7217 Emmet Place');
INSERT INTO `regularuser2` VALUES ('Susi Woodberry', '7455 Morning Hill');
INSERT INTO `regularuser2` VALUES ('Juliane Wanley', '74706 Schiller Point');
INSERT INTO `regularuser2` VALUES ('Kienan Bertlin', '9206 Warbler Avenue');
INSERT INTO `regularuser2` VALUES ('Cello Onion', '62788 Barby Hill');
INSERT INTO `regularuser2` VALUES ('Bjorn Cruz', '60339 Fair Oaks Drive');
INSERT INTO `regularuser2` VALUES ('Lilith Klimentyev', '72 Orin Trail');
INSERT INTO `regularuser2` VALUES ('Selestina Alsford', '220 Farragut Drive');
INSERT INTO `regularuser2` VALUES ('Ronnie Bengtsson', '5832 Trailsway Lane');
INSERT INTO `regularuser2` VALUES ('Hesther De Francesco', '399 Victoria Trail');
INSERT INTO `regularuser2` VALUES ('Tatiana Lello', '7 Golden Leaf Park');
INSERT INTO `regularuser2` VALUES ('Langsdon Raw', '32 Forest Drive');
INSERT INTO `regularuser2` VALUES ('Caritta Capper', '1 American Ash Crossing');
INSERT INTO `regularuser2` VALUES ('Marcello Killik', '859 Kinsman Trail');
INSERT INTO `regularuser2` VALUES ('Kelbee Kimbell', '2 Johnson Drive');
INSERT INTO `regularuser2` VALUES ('Warner Gooble', '20373 Kenwood Park');
INSERT INTO `regularuser2` VALUES ('Tonye Heffy', '259 Grayhawk Hill');
INSERT INTO `regularuser2` VALUES ('Coop Godly', '84770 Claremont Avenue');
INSERT INTO `regularuser2` VALUES ('Marylinda Riggeard', '926 Kennedy Road');
INSERT INTO `regularuser2` VALUES ('Brewster Coulthurst', '63 Annamark Hill');
INSERT INTO `regularuser2` VALUES ('Alvin Matyukon', '8 Declaration Point');
INSERT INTO `regularuser2` VALUES ('Karylin Youster', '811 Doe Crossing Junction');
INSERT INTO `regularuser2` VALUES ('Kennan Tweed', '1921 Steensland Lane');
INSERT INTO `regularuser2` VALUES ('Grover Hargess', '0305 Paget Point');
INSERT INTO `regularuser2` VALUES ('Cecilla Windle', '6232 Rieder Parkway');
INSERT INTO `regularuser2` VALUES ('Bradney McCaster', '74 Morning Park');
INSERT INTO `regularuser2` VALUES ('Ashley Ehrat', '35 John Wall Road');
INSERT INTO `regularuser2` VALUES ('Base Lagne', '12572 Sycamore Place');
INSERT INTO `regularuser2` VALUES ('Aigneis Duffrie', '70621 Raven Street');
INSERT INTO `regularuser2` VALUES ('Juliane MacCook', '00875 Pankratz Junction');
INSERT INTO `regularuser2` VALUES ('Papagena Skewes', '36903 Logan Park');
INSERT INTO `regularuser2` VALUES ('Barnabas Fletcher', '08862 David Pass');
INSERT INTO `regularuser2` VALUES ('Pammy Baldacco', '81 Gerald Terrace');
INSERT INTO `regularuser2` VALUES ('Jessika Treneman', '743 Logan Point');
INSERT INTO `regularuser2` VALUES ('Cate Toma', '31491 Novick Alley');
INSERT INTO `regularuser2` VALUES ('Lucky Barthorpe', '13882 Cambridge Junction');
INSERT INTO `regularuser2` VALUES ('Liliane Letterick', '9774 Oxford Hill');
INSERT INTO `regularuser2` VALUES ('Valery Frandsen', '78 Waywood Center');
INSERT INTO `regularuser2` VALUES ('Deidre Shrimplin', '29 Judy Pass');
INSERT INTO `regularuser2` VALUES ('Katrinka Comberbach', '5 3rd Way');
INSERT INTO `regularuser2` VALUES ('Nathalia de-Ancy Willis', '68 Schlimgen Junction');
INSERT INTO `regularuser2` VALUES ('Mikkel Alibone', '4 Butternut Point');
INSERT INTO `regularuser2` VALUES ('Pamelina Drinan', '364 Iowa Center');
INSERT INTO `regularuser2` VALUES ('Kristel Disdel', '5 Jenifer Lane');
INSERT INTO `regularuser2` VALUES ('Mariel Di Antonio', '9 Shoshone Road');
INSERT INTO `regularuser2` VALUES ('Even Rennox', '6669 Glacier Hill Parkway');
INSERT INTO `regularuser2` VALUES ('Vic Isworth', '830 Nelson Circle');
INSERT INTO `regularuser2` VALUES ('Lizabeth Crame', '02 Hoard Terrace');
INSERT INTO `regularuser2` VALUES ('Jerrie Eacott', '0 Riverside Trail');
INSERT INTO `regularuser2` VALUES ('Linell Doyle', '6 Continental Trail');
INSERT INTO `regularuser2` VALUES ('Christan McNab', '85645 Marcy Lane');
INSERT INTO `regularuser2` VALUES ('Brade Riccio', '452 Fieldstone Center');
INSERT INTO `regularuser2` VALUES ('Cristionna McCarrell', '784 Gina Park');
INSERT INTO `regularuser2` VALUES ('Kev Broggetti', '7574 Starling Way');
INSERT INTO `regularuser2` VALUES ('Silvie Walework', '7 Mayer Plaza');
INSERT INTO `regularuser2` VALUES ('Andeee McCoughan', '61600 Burning Wood Parkway');
INSERT INTO `regularuser2` VALUES ('Shandee Harverson', '16 Loftsgordon Street');
INSERT INTO `regularuser2` VALUES ('Danna Nemchinov', '8 Sugar Trail');
INSERT INTO `regularuser2` VALUES ('Mattias Dobrovolny', '69 Chinook Avenue');
INSERT INTO `regularuser2` VALUES ('Kikelia Merington', '55686 Ohio Circle');
INSERT INTO `regularuser2` VALUES ('Burlie Oates', '8158 Redwing Plaza');
INSERT INTO `regularuser2` VALUES ('Kendall McLeish', '96 Sheridan Pass');
INSERT INTO `regularuser2` VALUES ('Giana Lumsdon', '709 Hooker Parkway');
INSERT INTO `regularuser2` VALUES ('Gerhard Keaveney', '77871 Colorado Terrace');
INSERT INTO `regularuser2` VALUES ('Valery Moulin', '95 Menomonie Circle');
INSERT INTO `regularuser2` VALUES ('Mason Haston', '43946 Pankratz Crossing');
INSERT INTO `regularuser2` VALUES ('Tisha Vaune', '70 8th Court');
INSERT INTO `regularuser2` VALUES ('Donica Seiler', '843 Johnson Parkway');
INSERT INTO `regularuser2` VALUES ('Bonnee Cressey', '5141 Superior Terrace');
INSERT INTO `regularuser2` VALUES ('Phylys Nozzolii', '5464 Grim Plaza');
INSERT INTO `regularuser2` VALUES ('Sherie Reddie', '742 Acker Park');
INSERT INTO `regularuser2` VALUES ('Galvin Spurret', '7 Pankratz Lane');
INSERT INTO `regularuser2` VALUES ('Wiley Mc Gee', '278 Haas Pass');
INSERT INTO `regularuser2` VALUES ('Beilul Malley', '769 Jackson Place');
INSERT INTO `regularuser2` VALUES ('Desmund Ogger', '69 Manufacturers Pass');
INSERT INTO `regularuser2` VALUES ('Tabbie Proudlove', '57 Mandrake Pass');
INSERT INTO `regularuser2` VALUES ('Everett Winslet', '7709 Golf Way');
INSERT INTO `regularuser2` VALUES ('Dwain Giacopello', '1 Gina Terrace');
INSERT INTO `regularuser2` VALUES ('Hillary Tulip', '78220 Katie Plaza');
INSERT INTO `regularuser2` VALUES ('Nicola Layhe', '97 Mayer Park');
INSERT INTO `regularuser2` VALUES ('Golda Eles', '24264 Melvin Junction');
INSERT INTO `regularuser2` VALUES ('Otes Hammond', '727 Stephen Hill');
INSERT INTO `regularuser2` VALUES ('Dimitry Rolls', '42103 Gale Trail');
INSERT INTO `regularuser2` VALUES ('Katharyn Dodworth', '2 Burrows Lane');
INSERT INTO `regularuser2` VALUES ('Carolyne Plak', '9 Crest Line Crossing');
INSERT INTO `regularuser2` VALUES ('Erin Simmonds', '956 Golf View Terrace');
INSERT INTO `regularuser2` VALUES ('Niels Pavlitschek', '9776 Manitowish Place');
INSERT INTO `regularuser2` VALUES ('Vicky Antunez', '2673 Roth Road');
INSERT INTO `regularuser2` VALUES ('Fidole Migheli', '011 Vidon Way');
INSERT INTO `regularuser2` VALUES ('Jessa Paszek', '40 Sheridan Court');
INSERT INTO `regularuser2` VALUES ('Zacharias De la Yglesias', '40709 Scoville Parkway');
INSERT INTO `regularuser2` VALUES ('Rock Belitz', '574 Longview Court');
INSERT INTO `regularuser2` VALUES ('Flin Woolfall', '373 Delaware Way');
INSERT INTO `regularuser2` VALUES ('Zed Dickings', '269 Graedel Point');
INSERT INTO `regularuser2` VALUES ('Broddie Keepence', '581 Nevada Trail');
INSERT INTO `regularuser2` VALUES ('Brok McVity', '26337 Homewood Crossing');
INSERT INTO `regularuser2` VALUES ('Monika Launchbury', '2 Grayhawk Drive');
INSERT INTO `regularuser2` VALUES ('Bamby Totton', '22 Banding Center');
INSERT INTO `regularuser2` VALUES ('Aurea Headford', '94 Lerdahl Terrace');
INSERT INTO `regularuser2` VALUES ('Rouvin Rontree', '6 Pennsylvania Center');
INSERT INTO `regularuser2` VALUES ('Lennie Guerin', '815 Cascade Hill');
INSERT INTO `regularuser2` VALUES ('Lauraine Statersfield', '06946 Ilene Terrace');
INSERT INTO `regularuser2` VALUES ('Madella Edmeads', '44001 Cascade Junction');
INSERT INTO `regularuser2` VALUES ('John Wick', '6554 F St, New York City NY');

INSERT INTO `regularuser3` VALUES (2344, 'Amman Zaman');
INSERT INTO `regularuser3` VALUES (4345, 'Divyansh Singhal');
INSERT INTO `regularuser3` VALUES (5645, 'Mourud Ahmed');
INSERT INTO `regularuser3` VALUES (3252, 'Jessica Wang');
INSERT INTO `regularuser3` VALUES (8827, 'Lacota Graves');
INSERT INTO `regularuser3` VALUES (8956, 'Tanek Hurley');
INSERT INTO `regularuser3` VALUES (8388, 'Noel Mcfarland');
INSERT INTO `regularuser3` VALUES (7898, 'Rowan Zimmerman');
INSERT INTO `regularuser3` VALUES (6536, 'Ima Morton');
INSERT INTO `regularuser3` VALUES (7031, 'Plato Beard');
INSERT INTO `regularuser3` VALUES (8973, 'Calvin Riggs');
INSERT INTO `regularuser3` VALUES (9829, 'Leila Savage');
INSERT INTO `regularuser3` VALUES (6970, 'Burke Whitley');
INSERT INTO `regularuser3` VALUES (8148, 'Derek Walls');
INSERT INTO `regularuser3` VALUES (6999, 'Vielka Kirk');
INSERT INTO `regularuser3` VALUES (6050, 'Brandon Charles');
INSERT INTO `regularuser3` VALUES (8864, 'Tanisha Cabrera');
INSERT INTO `regularuser3` VALUES (7604, 'Raya Church');
INSERT INTO `regularuser3` VALUES (7538, 'Priscilla Vance');
INSERT INTO `regularuser3` VALUES (7061, 'Wynne Dudley');
INSERT INTO `regularuser3` VALUES (6015, 'Dolan Holder');
INSERT INTO `regularuser3` VALUES (7888, 'Lara Maddox');
INSERT INTO `regularuser3` VALUES (6248, 'Alec Craig');
INSERT INTO `regularuser3` VALUES (6541, 'Jacqueline Harmon');
INSERT INTO `regularuser3` VALUES (7340, 'Colin Casey');
INSERT INTO `regularuser3` VALUES (9317, 'Alfonso Greene');
INSERT INTO `regularuser3` VALUES (6342, 'Dillon Gilbert');
INSERT INTO `regularuser3` VALUES (9901, 'Cody Stanley');
INSERT INTO `regularuser3` VALUES (9237, 'Levi Morton');
INSERT INTO `regularuser3` VALUES (8191, 'Ila Hughes');
INSERT INTO `regularuser3` VALUES (6940, 'Clayton Shannon');
INSERT INTO `regularuser3` VALUES (9444, 'Quinn Cross');
INSERT INTO `regularuser3` VALUES (8939, 'Berk Brennan');
INSERT INTO `regularuser3` VALUES (7649, 'Inga Padilla');
INSERT INTO `regularuser3` VALUES (9031, 'Serena Serrano');
INSERT INTO `regularuser3` VALUES (9438, 'Colby Vance');
INSERT INTO `regularuser3` VALUES (7695, 'Garrett Mayo');
INSERT INTO `regularuser3` VALUES (6464, 'Candace Lang');
INSERT INTO `regularuser3` VALUES (7188, 'Wylie Burt');
INSERT INTO `regularuser3` VALUES (9402, 'Bruno Carver');
INSERT INTO `regularuser3` VALUES (6238, 'Rana Whitney');
INSERT INTO `regularuser3` VALUES (6980, 'Chloe Gordon');
INSERT INTO `regularuser3` VALUES (8484, 'Robin Bradshaw');
INSERT INTO `regularuser3` VALUES (8772, 'Dahlia Stout');
INSERT INTO `regularuser3` VALUES (9801, 'Samuel Mckay');
INSERT INTO `regularuser3` VALUES (8320, 'Kane Bruce');
INSERT INTO `regularuser3` VALUES (7312, 'Jane Raymond');
INSERT INTO `regularuser3` VALUES (8358, 'Mariam Rosales');
INSERT INTO `regularuser3` VALUES (7086, 'Desiree Salas');
INSERT INTO `regularuser3` VALUES (6927, 'Britanney Dyer');
INSERT INTO `regularuser3` VALUES (6004, 'Nolan Olson');
INSERT INTO `regularuser3` VALUES (6858, 'Eve Kidd');
INSERT INTO `regularuser3` VALUES (7820, 'Lynn English');
INSERT INTO `regularuser3` VALUES (7478, 'Imogene Hodge');
INSERT INTO `regularuser3` VALUES (7591, 'Christen Norris');
INSERT INTO `regularuser3` VALUES (9765, 'Tiger Blair');
INSERT INTO `regularuser3` VALUES (7379, 'Risa Hill');
INSERT INTO `regularuser3` VALUES (8952, 'Aquila Olson');
INSERT INTO `regularuser3` VALUES (7500, 'Claire Brooks');
INSERT INTO `regularuser3` VALUES (6656, 'Russell Duran');
INSERT INTO `regularuser3` VALUES (9369, 'Portia Lane');
INSERT INTO `regularuser3` VALUES (8780, 'Jenette Richard');
INSERT INTO `regularuser3` VALUES (9660, 'Kennan Herrera');
INSERT INTO `regularuser3` VALUES (9029, 'Randall Porter');
INSERT INTO `regularuser3` VALUES (8437, 'Amal Velasquez');
INSERT INTO `regularuser3` VALUES (6017, 'Pearl Wynn');
INSERT INTO `regularuser3` VALUES (8232, 'Daria Ray');
INSERT INTO `regularuser3` VALUES (6865, 'Fredericka Conway');
INSERT INTO `regularuser3` VALUES (7844, 'Gemma Valencia');
INSERT INTO `regularuser3` VALUES (9900, 'Imogene Thomas');
INSERT INTO `regularuser3` VALUES (9936, 'Rina Sears');
INSERT INTO `regularuser3` VALUES (6046, 'Venus Britt');
INSERT INTO `regularuser3` VALUES (8344, 'Malik Pickett');
INSERT INTO `regularuser3` VALUES (9506, 'Austin Robertson');
INSERT INTO `regularuser3` VALUES (9563, 'Heather Pruitt');
INSERT INTO `regularuser3` VALUES (6123, 'Asher Mclean');
INSERT INTO `regularuser3` VALUES (6850, 'Rhoda Parsons');
INSERT INTO `regularuser3` VALUES (7759, 'Roth Donaldson');
INSERT INTO `regularuser3` VALUES (7435, 'Giacomo Ray');
INSERT INTO `regularuser3` VALUES (9876, 'Hayley Hodge');
INSERT INTO `regularuser3` VALUES (8884, 'Hakeem Carney');
INSERT INTO `regularuser3` VALUES (8617, 'Indira Porter');
INSERT INTO `regularuser3` VALUES (8630, 'Madeline Brooks');
INSERT INTO `regularuser3` VALUES (8456, 'Sylvia Mercado');
INSERT INTO `regularuser3` VALUES (9229, 'Tad Aguilar');
INSERT INTO `regularuser3` VALUES (8638, 'Harding Doyle');
INSERT INTO `regularuser3` VALUES (6106, 'Daquan Robertson');
INSERT INTO `regularuser3` VALUES (6951, 'Wallace Mendoza');
INSERT INTO `regularuser3` VALUES (6788, 'Connor Key');
INSERT INTO `regularuser3` VALUES (7999, 'Hermione King');
INSERT INTO `regularuser3` VALUES (9625, 'Anne Guzman');
INSERT INTO `regularuser3` VALUES (7473, 'Quamar Harrell');
INSERT INTO `regularuser3` VALUES (8336, 'Dexter Campos');
INSERT INTO `regularuser3` VALUES (3490, 'Ariana Prince');
INSERT INTO `regularuser3` VALUES (8270, 'Levi Mcbride');
INSERT INTO `regularuser3` VALUES (9095, 'Salvador Stanton');
INSERT INTO `regularuser3` VALUES (9972, 'Aurelia Perry');
INSERT INTO `regularuser3` VALUES (9042, 'Lillith Moses');
INSERT INTO `regularuser3` VALUES (6608, 'Kirsten Franks');
INSERT INTO `regularuser3` VALUES (8766, 'Rama Mcgowan');
INSERT INTO `regularuser3` VALUES (9107, 'Chloe Sheppard');
INSERT INTO `regularuser3` VALUES (9813, 'Victor Shepherd');
INSERT INTO `regularuser3` VALUES (8694, 'Britanni Elliott');
INSERT INTO `regularuser3` VALUES (9606, 'Jamalia Holland');
INSERT INTO `regularuser3` VALUES (20001, 'Stanwood Edgler');
INSERT INTO `regularuser3` VALUES (20002, 'Margarete Beresford');
INSERT INTO `regularuser3` VALUES (20003, 'Rowen Hastelow');
INSERT INTO `regularuser3` VALUES (20004, 'Norrie Toderi');
INSERT INTO `regularuser3` VALUES (20005, 'Andra Krammer');
INSERT INTO `regularuser3` VALUES (20006, 'Zebulen Brookzie');
INSERT INTO `regularuser3` VALUES (20007, 'Tove Persian');
INSERT INTO `regularuser3` VALUES (20008, 'Alissa Palphreyman');
INSERT INTO `regularuser3` VALUES (20009, 'Trix Hawkey');
INSERT INTO `regularuser3` VALUES (20010, 'Margaretta Platt');
INSERT INTO `regularuser3` VALUES (20011, 'Elva Levinge');
INSERT INTO `regularuser3` VALUES (20012, 'Alford Pinnegar');
INSERT INTO `regularuser3` VALUES (20013, 'Reamonn Cuttings');
INSERT INTO `regularuser3` VALUES (20014, 'Phyllis Dougher');
INSERT INTO `regularuser3` VALUES (20015, 'Zeb Lilford');
INSERT INTO `regularuser3` VALUES (20016, 'Mychal Castagne');
INSERT INTO `regularuser3` VALUES (20017, 'Clarice Wrankmore');
INSERT INTO `regularuser3` VALUES (20018, 'Moira Kingsnorth');
INSERT INTO `regularuser3` VALUES (20019, 'Sherill Korous');
INSERT INTO `regularuser3` VALUES (20020, 'Austin Saxton');
INSERT INTO `regularuser3` VALUES (20021, 'Merrielle Aspin');
INSERT INTO `regularuser3` VALUES (20022, 'Melly Judge');
INSERT INTO `regularuser3` VALUES (20023, 'Angelika Bisacre');
INSERT INTO `regularuser3` VALUES (20024, 'Hedi Teck');
INSERT INTO `regularuser3` VALUES (20025, 'Jessie Messingham');
INSERT INTO `regularuser3` VALUES (20026, 'Paton Mulmuray');
INSERT INTO `regularuser3` VALUES (20027, 'Lanie Trimmell');
INSERT INTO `regularuser3` VALUES (20028, 'Winnifred Matczak');
INSERT INTO `regularuser3` VALUES (20029, 'Fabian Galfour');
INSERT INTO `regularuser3` VALUES (20030, 'Cynthie Tuddenham');
INSERT INTO `regularuser3` VALUES (20031, 'Broderick Stockell');
INSERT INTO `regularuser3` VALUES (20032, 'Hamnet Cullingford');
INSERT INTO `regularuser3` VALUES (20033, 'Elnar Adamoli');
INSERT INTO `regularuser3` VALUES (20034, 'Malia Collacombe');
INSERT INTO `regularuser3` VALUES (20035, 'Cassandry Howel');
INSERT INTO `regularuser3` VALUES (20036, 'Jasmine Doudney');
INSERT INTO `regularuser3` VALUES (20037, 'Evelin Sillars');
INSERT INTO `regularuser3` VALUES (20038, 'Elissa Parsisson');
INSERT INTO `regularuser3` VALUES (20039, 'Alvin Bramah');
INSERT INTO `regularuser3` VALUES (20040, 'Keslie Giovannacci');
INSERT INTO `regularuser3` VALUES (20041, 'Mozes Burnhill');
INSERT INTO `regularuser3` VALUES (20042, 'Stephan Harbinson');
INSERT INTO `regularuser3` VALUES (20043, 'Byran MacCulloch');
INSERT INTO `regularuser3` VALUES (20044, 'Cyrus Tym');
INSERT INTO `regularuser3` VALUES (20045, 'Danya Beacham');
INSERT INTO `regularuser3` VALUES (20046, 'Olga Baldassi');
INSERT INTO `regularuser3` VALUES (20047, 'Dinah Rameaux');
INSERT INTO `regularuser3` VALUES (20048, 'Bobette Ricciardelli');
INSERT INTO `regularuser3` VALUES (20049, 'Willem Van der Hoven');
INSERT INTO `regularuser3` VALUES (20050, 'Martguerita Hotton');
INSERT INTO `regularuser3` VALUES (20051, 'Dorian Gartside');
INSERT INTO `regularuser3` VALUES (20052, 'Tucker Rablen');
INSERT INTO `regularuser3` VALUES (20053, 'Waldo Kelberer');
INSERT INTO `regularuser3` VALUES (20054, 'Lewiss Matt');
INSERT INTO `regularuser3` VALUES (20055, 'Jo Machon');
INSERT INTO `regularuser3` VALUES (20056, 'Aarika Steeples');
INSERT INTO `regularuser3` VALUES (20057, 'Elspeth Garrison');
INSERT INTO `regularuser3` VALUES (20058, 'Ursuline McFie');
INSERT INTO `regularuser3` VALUES (20059, 'Bron Elmhirst');
INSERT INTO `regularuser3` VALUES (20060, 'Abbey Maden');
INSERT INTO `regularuser3` VALUES (20061, 'Rafaela Ashness');
INSERT INTO `regularuser3` VALUES (20062, 'Bambi Yele');
INSERT INTO `regularuser3` VALUES (20063, 'Edeline Wiggam');
INSERT INTO `regularuser3` VALUES (20064, 'Wenonah Baike');
INSERT INTO `regularuser3` VALUES (20065, 'Giusto Tagg');
INSERT INTO `regularuser3` VALUES (20066, 'Leland Order');
INSERT INTO `regularuser3` VALUES (20067, 'Murry Krikorian');
INSERT INTO `regularuser3` VALUES (20068, 'Shalne Eltune');
INSERT INTO `regularuser3` VALUES (20069, 'Sullivan Kiddye');
INSERT INTO `regularuser3` VALUES (20070, 'Sapphira Brazenor');
INSERT INTO `regularuser3` VALUES (20071, 'Ollie Georgel');
INSERT INTO `regularuser3` VALUES (20072, 'Kaylil Hanny');
INSERT INTO `regularuser3` VALUES (20073, 'Dwight Udden');
INSERT INTO `regularuser3` VALUES (20074, 'Alonzo Blincoe');
INSERT INTO `regularuser3` VALUES (20075, 'Morna Ralston');
INSERT INTO `regularuser3` VALUES (20076, 'Allx Bradnock');
INSERT INTO `regularuser3` VALUES (20077, 'Courtney Philippet');
INSERT INTO `regularuser3` VALUES (20078, 'Werner Whiston');
INSERT INTO `regularuser3` VALUES (20079, 'Gay Allso');
INSERT INTO `regularuser3` VALUES (20080, 'Celisse Bryning');
INSERT INTO `regularuser3` VALUES (20081, 'Teena Bushill');
INSERT INTO `regularuser3` VALUES (20082, 'Saree Francis');
INSERT INTO `regularuser3` VALUES (20083, 'Torry Hairs');
INSERT INTO `regularuser3` VALUES (20084, 'Willi Grieve');
INSERT INTO `regularuser3` VALUES (20085, 'Beck Copeland');
INSERT INTO `regularuser3` VALUES (20086, 'Jennilee Favell');
INSERT INTO `regularuser3` VALUES (20087, 'Reynard Sandy');
INSERT INTO `regularuser3` VALUES (20088, 'Saunders Wintour');
INSERT INTO `regularuser3` VALUES (20089, 'Matelda McAnulty');
INSERT INTO `regularuser3` VALUES (20090, 'Corliss Jerg');
INSERT INTO `regularuser3` VALUES (20091, 'Bunni Gantley');
INSERT INTO `regularuser3` VALUES (20092, 'Welch Merrikin');
INSERT INTO `regularuser3` VALUES (20093, 'Steffen Haggith');
INSERT INTO `regularuser3` VALUES (20094, 'Junie Bidewel');
INSERT INTO `regularuser3` VALUES (20095, 'Phyllis Skyrme');
INSERT INTO `regularuser3` VALUES (20096, 'Rosette Brimble');
INSERT INTO `regularuser3` VALUES (20097, 'Burg Amer');
INSERT INTO `regularuser3` VALUES (20098, 'Kelby Snailham');
INSERT INTO `regularuser3` VALUES (20099, 'Tad Elnough');
INSERT INTO `regularuser3` VALUES (20100, 'Krishna Preist');
INSERT INTO `regularuser3` VALUES (20101, 'Crichton Ragbourn');
INSERT INTO `regularuser3` VALUES (20102, 'Chrystal McGrey');
INSERT INTO `regularuser3` VALUES (20103, 'Innis Lalonde');
INSERT INTO `regularuser3` VALUES (20104, 'Dud Buxcy');
INSERT INTO `regularuser3` VALUES (20105, 'Dagmar Gauford');
INSERT INTO `regularuser3` VALUES (20106, 'Raymund Povlsen');
INSERT INTO `regularuser3` VALUES (20107, 'Bobinette Bakhrushkin');
INSERT INTO `regularuser3` VALUES (20108, 'Emelia Noblett');
INSERT INTO `regularuser3` VALUES (20109, 'Kerrin Murt');
INSERT INTO `regularuser3` VALUES (20110, 'Fawn MacGowan');
INSERT INTO `regularuser3` VALUES (20111, 'Desmund Ruckledge');
INSERT INTO `regularuser3` VALUES (20112, 'Merissa Naismith');
INSERT INTO `regularuser3` VALUES (20113, 'Belvia Harverson');
INSERT INTO `regularuser3` VALUES (20114, 'Weber Dadson');
INSERT INTO `regularuser3` VALUES (20115, 'Saree Akram');
INSERT INTO `regularuser3` VALUES (20116, 'Jacquelin Daens');
INSERT INTO `regularuser3` VALUES (20117, 'Sonny Pumphrey');
INSERT INTO `regularuser3` VALUES (20118, 'Hewett McLice');
INSERT INTO `regularuser3` VALUES (20119, 'Ginny Labram');
INSERT INTO `regularuser3` VALUES (20120, 'Dalenna Dray');
INSERT INTO `regularuser3` VALUES (20121, 'Sandro Pasmore');
INSERT INTO `regularuser3` VALUES (20122, 'Thoma Krabbe');
INSERT INTO `regularuser3` VALUES (20123, 'Nina Cordeau]');
INSERT INTO `regularuser3` VALUES (20124, 'Mahmoud Dutton');
INSERT INTO `regularuser3` VALUES (20125, 'Ermengarde Bartalot');
INSERT INTO `regularuser3` VALUES (20126, 'Elliot MacConnal');
INSERT INTO `regularuser3` VALUES (20127, 'Rene Paulucci');
INSERT INTO `regularuser3` VALUES (20128, 'Oralia Barsam');
INSERT INTO `regularuser3` VALUES (20129, 'Calv Caudwell');
INSERT INTO `regularuser3` VALUES (20130, 'Cassius Pothbury');
INSERT INTO `regularuser3` VALUES (20131, 'Edie Chidler');
INSERT INTO `regularuser3` VALUES (20132, 'Ave Dexter');
INSERT INTO `regularuser3` VALUES (20133, 'Mellie Odeson');
INSERT INTO `regularuser3` VALUES (20134, 'Marney Masterton');
INSERT INTO `regularuser3` VALUES (20135, 'Mateo Pioli');
INSERT INTO `regularuser3` VALUES (20136, 'Kippy Lankford');
INSERT INTO `regularuser3` VALUES (20137, 'Ruggiero O Heyne');
INSERT INTO `regularuser3` VALUES (20138, 'Brianne Escolme');
INSERT INTO `regularuser3` VALUES (20139, 'Cody Marden');
INSERT INTO `regularuser3` VALUES (20140, 'Reube Bransdon');
INSERT INTO `regularuser3` VALUES (20141, 'Caresa Anderton');
INSERT INTO `regularuser3` VALUES (20142, 'Reed Ovey');
INSERT INTO `regularuser3` VALUES (20143, 'Doreen Anchor');
INSERT INTO `regularuser3` VALUES (20144, 'Andy Bonsall');
INSERT INTO `regularuser3` VALUES (20145, 'Lynnette Blaxland');
INSERT INTO `regularuser3` VALUES (20146, 'Imogen Cornell');
INSERT INTO `regularuser3` VALUES (20147, 'Fowler Roddan');
INSERT INTO `regularuser3` VALUES (20148, 'Livvy Tapsfield');
INSERT INTO `regularuser3` VALUES (20149, 'Amery Yeldon');
INSERT INTO `regularuser3` VALUES (20150, 'Allina Chason');
INSERT INTO `regularuser3` VALUES (20151, 'Shelly Astles');
INSERT INTO `regularuser3` VALUES (20152, 'Rorke Duggen');
INSERT INTO `regularuser3` VALUES (20153, 'Hadleigh Beebis');
INSERT INTO `regularuser3` VALUES (20154, 'Cassi Durbann');
INSERT INTO `regularuser3` VALUES (20155, 'Spenser Wennam');
INSERT INTO `regularuser3` VALUES (20156, 'Rick Coade');
INSERT INTO `regularuser3` VALUES (20157, 'Grazia Trorey');
INSERT INTO `regularuser3` VALUES (20158, 'Claudina Lorans');
INSERT INTO `regularuser3` VALUES (20159, 'Venus Bricknell');
INSERT INTO `regularuser3` VALUES (20160, 'Fergus Bail');
INSERT INTO `regularuser3` VALUES (20161, 'Weidar Keeton');
INSERT INTO `regularuser3` VALUES (20162, 'Rich Slatter');
INSERT INTO `regularuser3` VALUES (20163, 'Cammy Andreu');
INSERT INTO `regularuser3` VALUES (20164, 'Ashil Scain');
INSERT INTO `regularuser3` VALUES (20165, 'Renie Pulbrook');
INSERT INTO `regularuser3` VALUES (20166, 'Jone Salling');
INSERT INTO `regularuser3` VALUES (20167, 'Decca Aspinal');
INSERT INTO `regularuser3` VALUES (20168, 'Nerta Fallon');
INSERT INTO `regularuser3` VALUES (20169, 'Bartolemo Osband');
INSERT INTO `regularuser3` VALUES (20170, 'Gillian de Wilde');
INSERT INTO `regularuser3` VALUES (20171, 'Collette Vasquez');
INSERT INTO `regularuser3` VALUES (20172, 'Brady Purry');
INSERT INTO `regularuser3` VALUES (20173, 'Wanda Runge');
INSERT INTO `regularuser3` VALUES (20174, 'Aldridge Pattinson');
INSERT INTO `regularuser3` VALUES (20175, 'Nikolaus Jindrich');
INSERT INTO `regularuser3` VALUES (20176, 'Norbie Petraitis');
INSERT INTO `regularuser3` VALUES (20177, 'Jake Hillatt');
INSERT INTO `regularuser3` VALUES (20178, 'Julianna Punshon');
INSERT INTO `regularuser3` VALUES (20179, 'Nicolas Bengough');
INSERT INTO `regularuser3` VALUES (20180, 'Noah Fewell');
INSERT INTO `regularuser3` VALUES (20181, 'Merry Ruller');
INSERT INTO `regularuser3` VALUES (20182, 'Kassia Panner');
INSERT INTO `regularuser3` VALUES (20183, 'Vassili Gammel');
INSERT INTO `regularuser3` VALUES (20184, 'Alric Bohin');
INSERT INTO `regularuser3` VALUES (20185, 'Toby Labuschagne');
INSERT INTO `regularuser3` VALUES (20186, 'Manfred Paddick');
INSERT INTO `regularuser3` VALUES (20187, 'Cherye Pimblott');
INSERT INTO `regularuser3` VALUES (20188, 'Savina Berkely');
INSERT INTO `regularuser3` VALUES (20189, 'Gavra Wyd');
INSERT INTO `regularuser3` VALUES (20190, 'Izak Coate');
INSERT INTO `regularuser3` VALUES (20191, 'Hugues Brockhurst');
INSERT INTO `regularuser3` VALUES (20192, 'Katusha Wreford');
INSERT INTO `regularuser3` VALUES (20193, 'Erika Prinnett');
INSERT INTO `regularuser3` VALUES (20194, 'Merrile Spaducci');
INSERT INTO `regularuser3` VALUES (20195, 'Euphemia Summerlie');
INSERT INTO `regularuser3` VALUES (20196, 'Doralynn Sterndale');
INSERT INTO `regularuser3` VALUES (20197, 'Helen-elizabeth Strond');
INSERT INTO `regularuser3` VALUES (20198, 'Rafaello Roach');
INSERT INTO `regularuser3` VALUES (20199, 'Leontyne McMains');
INSERT INTO `regularuser3` VALUES (20200, 'Brooks Figg');
INSERT INTO `regularuser3` VALUES (20201, 'Anita Nowell');
INSERT INTO `regularuser3` VALUES (20202, 'Lianne Blockey');
INSERT INTO `regularuser3` VALUES (20203, 'Arlee Toolan');
INSERT INTO `regularuser3` VALUES (20204, 'Tate Tubridy');
INSERT INTO `regularuser3` VALUES (20205, 'Starla Motten');
INSERT INTO `regularuser3` VALUES (20206, 'Ebenezer Saunton');
INSERT INTO `regularuser3` VALUES (20207, 'Haywood Rose');
INSERT INTO `regularuser3` VALUES (20208, 'Bell Rudsdell');
INSERT INTO `regularuser3` VALUES (20209, 'Dorey Folomkin');
INSERT INTO `regularuser3` VALUES (20210, 'Petunia Mertsching');
INSERT INTO `regularuser3` VALUES (20211, 'Ginny Carlin');
INSERT INTO `regularuser3` VALUES (20212, 'Kalli Hainning');
INSERT INTO `regularuser3` VALUES (20213, 'Annis Beedie');
INSERT INTO `regularuser3` VALUES (20214, 'Shannen Janovsky');
INSERT INTO `regularuser3` VALUES (20215, 'Meara Smalecombe');
INSERT INTO `regularuser3` VALUES (20216, 'Niven Dolle');
INSERT INTO `regularuser3` VALUES (20217, 'Doralynn Trattles');
INSERT INTO `regularuser3` VALUES (20218, 'Laverne Wastall');
INSERT INTO `regularuser3` VALUES (20219, 'Sande Fold');
INSERT INTO `regularuser3` VALUES (20220, 'Kris Gogarty');
INSERT INTO `regularuser3` VALUES (20221, 'Fay Dikes');
INSERT INTO `regularuser3` VALUES (20222, 'Lou Cesco');
INSERT INTO `regularuser3` VALUES (20223, 'Halie Gorelli');
INSERT INTO `regularuser3` VALUES (20224, 'Sig Laird-Craig');
INSERT INTO `regularuser3` VALUES (20225, 'Frayda Waterhouse');
INSERT INTO `regularuser3` VALUES (20226, 'Sandie Powter');
INSERT INTO `regularuser3` VALUES (20227, 'Rock Trudgion');
INSERT INTO `regularuser3` VALUES (20228, 'Eddy Credland');
INSERT INTO `regularuser3` VALUES (20229, 'Mal Andriessen');
INSERT INTO `regularuser3` VALUES (20230, 'Kari Loakes');
INSERT INTO `regularuser3` VALUES (20231, 'Coletta Vines');
INSERT INTO `regularuser3` VALUES (20232, 'Vicky Yosselevitch');
INSERT INTO `regularuser3` VALUES (20233, 'Lacey Jenks');
INSERT INTO `regularuser3` VALUES (20234, 'Andras Dight');
INSERT INTO `regularuser3` VALUES (20235, 'Milissent Joannic');
INSERT INTO `regularuser3` VALUES (20236, 'Roobbie Hellcat');
INSERT INTO `regularuser3` VALUES (20237, 'Marchelle Reen');
INSERT INTO `regularuser3` VALUES (20238, 'Ava Braikenridge');
INSERT INTO `regularuser3` VALUES (20239, 'Kellyann Cavey');
INSERT INTO `regularuser3` VALUES (20240, 'Florance Wilacot');
INSERT INTO `regularuser3` VALUES (20241, 'Kiersten Talloe');
INSERT INTO `regularuser3` VALUES (20242, 'Waldon Pickersail');
INSERT INTO `regularuser3` VALUES (20243, 'Charita Attenborough');
INSERT INTO `regularuser3` VALUES (20244, 'Nelson Tourot');
INSERT INTO `regularuser3` VALUES (20245, 'Deeann Burston');
INSERT INTO `regularuser3` VALUES (20246, 'Krystle Grimsditch');
INSERT INTO `regularuser3` VALUES (20247, 'Stacee Catley');
INSERT INTO `regularuser3` VALUES (20248, 'Dewie Zanardii');
INSERT INTO `regularuser3` VALUES (20249, 'Emilie Bowstead');
INSERT INTO `regularuser3` VALUES (20250, 'Ralph Danzelman');
INSERT INTO `regularuser3` VALUES (20251, 'Kevin Sidery');
INSERT INTO `regularuser3` VALUES (20252, 'Finley MacTrustam');
INSERT INTO `regularuser3` VALUES (20253, 'Jessica Duiguid');
INSERT INTO `regularuser3` VALUES (20254, 'Carlee Copo');
INSERT INTO `regularuser3` VALUES (20255, 'Normy Parsell');
INSERT INTO `regularuser3` VALUES (20256, 'Belva Packham');
INSERT INTO `regularuser3` VALUES (20257, 'Chico Huriche');
INSERT INTO `regularuser3` VALUES (20258, 'Leroy Daid');
INSERT INTO `regularuser3` VALUES (20259, 'Jordanna Strippling');
INSERT INTO `regularuser3` VALUES (20260, 'Mohandis Metherell');
INSERT INTO `regularuser3` VALUES (20261, 'Anthe Tybalt');
INSERT INTO `regularuser3` VALUES (20262, 'Wildon Lejeune');
INSERT INTO `regularuser3` VALUES (20263, 'Cos Crome');
INSERT INTO `regularuser3` VALUES (20264, 'Jarib Rookwell');
INSERT INTO `regularuser3` VALUES (20265, 'Elvin Pratley');
INSERT INTO `regularuser3` VALUES (20266, 'Zebedee Eake');
INSERT INTO `regularuser3` VALUES (20267, 'Brigitta Broadwood');
INSERT INTO `regularuser3` VALUES (20268, 'Myrna Exrol');
INSERT INTO `regularuser3` VALUES (20269, 'Aloisia Nyssen');
INSERT INTO `regularuser3` VALUES (20270, 'Humphrey Domnin');
INSERT INTO `regularuser3` VALUES (20271, 'Allix Woolford');
INSERT INTO `regularuser3` VALUES (20272, 'Hugo Sear');
INSERT INTO `regularuser3` VALUES (20273, 'Richart Weildish');
INSERT INTO `regularuser3` VALUES (20274, 'Magdalen Thurlow');
INSERT INTO `regularuser3` VALUES (20275, 'Teodorico Finicj');
INSERT INTO `regularuser3` VALUES (20276, 'Lynea Tinton');
INSERT INTO `regularuser3` VALUES (20277, 'Nicolette Kimmince');
INSERT INTO `regularuser3` VALUES (20278, 'Jorgan Clandillon');
INSERT INTO `regularuser3` VALUES (20279, 'Leland Cundey');
INSERT INTO `regularuser3` VALUES (20280, 'Breena Micallef');
INSERT INTO `regularuser3` VALUES (20281, 'Edvard Dagger');
INSERT INTO `regularuser3` VALUES (20282, 'Giffy Brager');
INSERT INTO `regularuser3` VALUES (20283, 'Klarika Faughny');
INSERT INTO `regularuser3` VALUES (20284, 'Aeriell Donnersberg');
INSERT INTO `regularuser3` VALUES (20285, 'Bobbi Bunt');
INSERT INTO `regularuser3` VALUES (20286, 'Pooh Maren');
INSERT INTO `regularuser3` VALUES (20287, 'Jordan Hyam');
INSERT INTO `regularuser3` VALUES (20288, 'Leeann Loutheane');
INSERT INTO `regularuser3` VALUES (20289, 'Tiffy Perigo');
INSERT INTO `regularuser3` VALUES (20290, 'Issi Drinkhill');
INSERT INTO `regularuser3` VALUES (20291, 'Reena Dehmel');
INSERT INTO `regularuser3` VALUES (20292, 'Ludvig Cometto');
INSERT INTO `regularuser3` VALUES (20293, 'Halie Epine');
INSERT INTO `regularuser3` VALUES (20294, 'Constanta Albutt');
INSERT INTO `regularuser3` VALUES (20295, 'Adore Carnegy');
INSERT INTO `regularuser3` VALUES (20296, 'Flory Fann');
INSERT INTO `regularuser3` VALUES (20297, 'Forbes Pickston');
INSERT INTO `regularuser3` VALUES (20298, 'Ferne Pickburn');
INSERT INTO `regularuser3` VALUES (20299, 'Mathilde Eggle');
INSERT INTO `regularuser3` VALUES (20300, 'Ebeneser Laverack');
INSERT INTO `regularuser3` VALUES (20301, 'Lewes Crigin');
INSERT INTO `regularuser3` VALUES (20302, 'Shae Pexton');
INSERT INTO `regularuser3` VALUES (20303, 'Roy Giuron');
INSERT INTO `regularuser3` VALUES (20304, 'Rustie Sambrok');
INSERT INTO `regularuser3` VALUES (20305, 'Aubrette Thomerson');
INSERT INTO `regularuser3` VALUES (20306, 'Worthy Beavis');
INSERT INTO `regularuser3` VALUES (20307, 'Antonio Gariff');
INSERT INTO `regularuser3` VALUES (20308, 'Davina Kingescot');
INSERT INTO `regularuser3` VALUES (20309, 'Alissa Cecere');
INSERT INTO `regularuser3` VALUES (20310, 'Sheila-kathryn Beminster');
INSERT INTO `regularuser3` VALUES (20311, 'Francoise MacGinlay');
INSERT INTO `regularuser3` VALUES (20312, 'Percival Smieton');
INSERT INTO `regularuser3` VALUES (20313, 'Delmar Dinsell');
INSERT INTO `regularuser3` VALUES (20314, 'Carmen Applebee');
INSERT INTO `regularuser3` VALUES (20315, 'Issie Grichukhin');
INSERT INTO `regularuser3` VALUES (20316, 'Nicoline Rabson');
INSERT INTO `regularuser3` VALUES (20317, 'Margo Christy');
INSERT INTO `regularuser3` VALUES (20318, 'Penelopa Dawkes');
INSERT INTO `regularuser3` VALUES (20319, 'Georgi Mungan');
INSERT INTO `regularuser3` VALUES (20320, 'Doralyn Dannehl');
INSERT INTO `regularuser3` VALUES (20321, 'Willy Levett');
INSERT INTO `regularuser3` VALUES (20322, 'Krystalle Butchart');
INSERT INTO `regularuser3` VALUES (20323, 'Port Rainer');
INSERT INTO `regularuser3` VALUES (20324, 'Cloris Jendrach');
INSERT INTO `regularuser3` VALUES (20325, 'Addison Keveren');
INSERT INTO `regularuser3` VALUES (20326, 'Pattie Aggio');
INSERT INTO `regularuser3` VALUES (20327, 'Enrico Stienham');
INSERT INTO `regularuser3` VALUES (20328, 'Stacia Conelly');
INSERT INTO `regularuser3` VALUES (20329, 'Gibbie Alvin');
INSERT INTO `regularuser3` VALUES (20330, 'Balduin Ivanchikov');
INSERT INTO `regularuser3` VALUES (20331, 'Matilda Shyre');
INSERT INTO `regularuser3` VALUES (20332, 'Cazzie Barter');
INSERT INTO `regularuser3` VALUES (20333, 'Jami Mauro');
INSERT INTO `regularuser3` VALUES (20334, 'Vere Southard');
INSERT INTO `regularuser3` VALUES (20335, 'Marielle Callendar');
INSERT INTO `regularuser3` VALUES (20336, 'Sayre Ancketill');
INSERT INTO `regularuser3` VALUES (20337, 'Ivy Ledrane');
INSERT INTO `regularuser3` VALUES (20338, 'Rosanne Humerstone');
INSERT INTO `regularuser3` VALUES (20339, 'Bartholomew Winnard');
INSERT INTO `regularuser3` VALUES (20340, 'Merrill Gammons');
INSERT INTO `regularuser3` VALUES (20341, 'Susi Ashfield');
INSERT INTO `regularuser3` VALUES (20342, 'Thekla Josefsson');
INSERT INTO `regularuser3` VALUES (20343, 'Kayne Inde');
INSERT INTO `regularuser3` VALUES (20344, 'Carolynn Dodworth');
INSERT INTO `regularuser3` VALUES (20345, 'Cobby de Wilde');
INSERT INTO `regularuser3` VALUES (20346, 'Rafe Fourman');
INSERT INTO `regularuser3` VALUES (20347, 'Tull Linne');
INSERT INTO `regularuser3` VALUES (20348, 'Reagen Blanking');
INSERT INTO `regularuser3` VALUES (20349, 'Gabi Maddison');
INSERT INTO `regularuser3` VALUES (20350, 'Tilda Berni');
INSERT INTO `regularuser3` VALUES (20351, 'Lowell Treven');
INSERT INTO `regularuser3` VALUES (20352, 'Rasia Chiles');
INSERT INTO `regularuser3` VALUES (20353, 'Liuka Antonietti');
INSERT INTO `regularuser3` VALUES (20354, 'Kandy Syers');
INSERT INTO `regularuser3` VALUES (20355, 'Wilone Steinhammer');
INSERT INTO `regularuser3` VALUES (20356, 'Nerissa Rowley');
INSERT INTO `regularuser3` VALUES (20357, 'Mimi Gallandre');
INSERT INTO `regularuser3` VALUES (20358, 'Veronique Dovydenas');
INSERT INTO `regularuser3` VALUES (20359, 'Korie Jewise');
INSERT INTO `regularuser3` VALUES (20360, 'Michell Foster');
INSERT INTO `regularuser3` VALUES (20361, 'Rivkah Antonat');
INSERT INTO `regularuser3` VALUES (20362, 'Leonora Jeffreys');
INSERT INTO `regularuser3` VALUES (20363, 'Janelle Reynault');
INSERT INTO `regularuser3` VALUES (20364, 'Morrie Frape');
INSERT INTO `regularuser3` VALUES (20365, 'Woody Briars');
INSERT INTO `regularuser3` VALUES (20366, 'Shem Moxley');
INSERT INTO `regularuser3` VALUES (20367, 'Clemmy Cheal');
INSERT INTO `regularuser3` VALUES (20368, 'Neala Pudge');
INSERT INTO `regularuser3` VALUES (20369, 'Tim Pes');
INSERT INTO `regularuser3` VALUES (20370, 'Chaddy McColley');
INSERT INTO `regularuser3` VALUES (20371, 'Wendell Paget');
INSERT INTO `regularuser3` VALUES (20372, 'Garner Ronayne');
INSERT INTO `regularuser3` VALUES (20373, 'Cody Inderwick');
INSERT INTO `regularuser3` VALUES (20374, 'Georgeta Bozworth');
INSERT INTO `regularuser3` VALUES (20375, 'Benyamin Zorn');
INSERT INTO `regularuser3` VALUES (20376, 'Riva Rowett');
INSERT INTO `regularuser3` VALUES (20377, 'Maurizio Blamey');
INSERT INTO `regularuser3` VALUES (20378, 'Penni Farans');
INSERT INTO `regularuser3` VALUES (20379, 'Dot Jeves');
INSERT INTO `regularuser3` VALUES (20380, 'Maisie Voysey');
INSERT INTO `regularuser3` VALUES (20381, 'Nelly Pods');
INSERT INTO `regularuser3` VALUES (20382, 'Christin Wrotchford');
INSERT INTO `regularuser3` VALUES (20383, 'Stefanie Shynn');
INSERT INTO `regularuser3` VALUES (20384, 'Emmalynn Glenn');
INSERT INTO `regularuser3` VALUES (20385, 'Emalia Kose');
INSERT INTO `regularuser3` VALUES (20386, 'Pauli Ronan');
INSERT INTO `regularuser3` VALUES (20387, 'Patsy Fehner');
INSERT INTO `regularuser3` VALUES (20388, 'Lew Bonhan');
INSERT INTO `regularuser3` VALUES (20389, 'Miriam Crockford');
INSERT INTO `regularuser3` VALUES (20390, 'Alverta Itzcak');
INSERT INTO `regularuser3` VALUES (20391, 'Killy Menary');
INSERT INTO `regularuser3` VALUES (20392, 'Cyrus Hampson');
INSERT INTO `regularuser3` VALUES (20393, 'Cleopatra Evett');
INSERT INTO `regularuser3` VALUES (20394, 'Wilhelmina Maulin');
INSERT INTO `regularuser3` VALUES (20395, 'Charmane Junifer');
INSERT INTO `regularuser3` VALUES (20396, 'Kittie Butt Gow');
INSERT INTO `regularuser3` VALUES (20397, 'Lalo Cloney');
INSERT INTO `regularuser3` VALUES (20398, 'Filip Boissier');
INSERT INTO `regularuser3` VALUES (20399, 'Reider Meagh');
INSERT INTO `regularuser3` VALUES (20400, 'Kristoffer Pinner');
INSERT INTO `regularuser3` VALUES (20401, 'Elka Gronowe');
INSERT INTO `regularuser3` VALUES (20402, 'Lee Kynvin');
INSERT INTO `regularuser3` VALUES (20403, 'Ingaberg Pineaux');
INSERT INTO `regularuser3` VALUES (20404, 'Barbette Whelpton');
INSERT INTO `regularuser3` VALUES (20405, 'Ulrich Thome');
INSERT INTO `regularuser3` VALUES (20406, 'Lucina Radborne');
INSERT INTO `regularuser3` VALUES (20407, 'Curtice Pinck');
INSERT INTO `regularuser3` VALUES (20408, 'Julia Verbrugghen');
INSERT INTO `regularuser3` VALUES (20409, 'Leif Awton');
INSERT INTO `regularuser3` VALUES (20410, 'Clementius Belvard');
INSERT INTO `regularuser3` VALUES (20411, 'Edvard Borwick');
INSERT INTO `regularuser3` VALUES (20412, 'Vinnie Rogez');
INSERT INTO `regularuser3` VALUES (20413, 'Daveta McIlwraith');
INSERT INTO `regularuser3` VALUES (20414, 'Deane Blakeney');
INSERT INTO `regularuser3` VALUES (20415, 'Christina Worsnop');
INSERT INTO `regularuser3` VALUES (20416, 'Augusto Pinch');
INSERT INTO `regularuser3` VALUES (20417, 'Isac Kerkham');
INSERT INTO `regularuser3` VALUES (20418, 'Lezlie Lamboll');
INSERT INTO `regularuser3` VALUES (20419, 'Gregg Spellacey');
INSERT INTO `regularuser3` VALUES (20420, 'Kenyon Haggas');
INSERT INTO `regularuser3` VALUES (20421, 'Shermy Mudle');
INSERT INTO `regularuser3` VALUES (20422, 'Thomas Pine');
INSERT INTO `regularuser3` VALUES (20423, 'Layne Say');
INSERT INTO `regularuser3` VALUES (20424, 'Ernestine Gennings');
INSERT INTO `regularuser3` VALUES (20425, 'Beulah Oles');
INSERT INTO `regularuser3` VALUES (20426, 'Athene Vodden');
INSERT INTO `regularuser3` VALUES (20427, 'Monty Dumingo');
INSERT INTO `regularuser3` VALUES (20428, 'Lucia Greatreax');
INSERT INTO `regularuser3` VALUES (20429, 'Isa Lanbertoni');
INSERT INTO `regularuser3` VALUES (20430, 'Korey Feaveryear');
INSERT INTO `regularuser3` VALUES (20431, 'Steffie Reiglar');
INSERT INTO `regularuser3` VALUES (20432, 'Nikolos Josephs');
INSERT INTO `regularuser3` VALUES (20433, 'Mala Whitfield');
INSERT INTO `regularuser3` VALUES (20434, 'Nellie Gini');
INSERT INTO `regularuser3` VALUES (20435, 'Farley Wyldbore');
INSERT INTO `regularuser3` VALUES (20436, 'Frazier McIlwraith');
INSERT INTO `regularuser3` VALUES (20437, 'Olly Benedetti');
INSERT INTO `regularuser3` VALUES (20438, 'Gaspard Mohring');
INSERT INTO `regularuser3` VALUES (20439, 'Kerstin Kastel');
INSERT INTO `regularuser3` VALUES (20440, 'Earle Salters');
INSERT INTO `regularuser3` VALUES (20441, 'Allison Buffery');
INSERT INTO `regularuser3` VALUES (20442, 'Ferguson Decourt');
INSERT INTO `regularuser3` VALUES (20443, 'Cassondra Dewberry');
INSERT INTO `regularuser3` VALUES (20444, 'Shell Antat');
INSERT INTO `regularuser3` VALUES (20445, 'Shelia Gaffer');
INSERT INTO `regularuser3` VALUES (20446, 'Lizzy Overy');
INSERT INTO `regularuser3` VALUES (20447, 'Corabel Flinn');
INSERT INTO `regularuser3` VALUES (20448, 'Junette Estable');
INSERT INTO `regularuser3` VALUES (20449, 'Eadith Monteaux');
INSERT INTO `regularuser3` VALUES (20450, 'Martino Jessel');
INSERT INTO `regularuser3` VALUES (20451, 'Marchall Dredge');
INSERT INTO `regularuser3` VALUES (20452, 'Jessamyn Atwill');
INSERT INTO `regularuser3` VALUES (20453, 'Caron Welland');
INSERT INTO `regularuser3` VALUES (20454, 'Fairfax Yakobowitz');
INSERT INTO `regularuser3` VALUES (20455, 'Stillmann Shailer');
INSERT INTO `regularuser3` VALUES (20456, 'Giusto Paramore');
INSERT INTO `regularuser3` VALUES (20457, 'Elmira Balham');
INSERT INTO `regularuser3` VALUES (20458, 'Asia Hearons');
INSERT INTO `regularuser3` VALUES (20459, 'Ninetta McCloy');
INSERT INTO `regularuser3` VALUES (20460, 'Rip Eaddy');
INSERT INTO `regularuser3` VALUES (20461, 'Noelle Vedyaev');
INSERT INTO `regularuser3` VALUES (20462, 'Mahmoud Short');
INSERT INTO `regularuser3` VALUES (20463, 'Jana Baxter');
INSERT INTO `regularuser3` VALUES (20464, 'Fredra Starten');
INSERT INTO `regularuser3` VALUES (20465, 'Neal Hardwin');
INSERT INTO `regularuser3` VALUES (20466, 'Bancroft Searchfield');
INSERT INTO `regularuser3` VALUES (20467, 'Boot Paddemore');
INSERT INTO `regularuser3` VALUES (20468, 'Ruttger Jess');
INSERT INTO `regularuser3` VALUES (20469, 'Arnold Verralls');
INSERT INTO `regularuser3` VALUES (20470, 'Galvan Milius');
INSERT INTO `regularuser3` VALUES (20471, 'Tiphani Sproat');
INSERT INTO `regularuser3` VALUES (20472, 'Benny McGuirk');
INSERT INTO `regularuser3` VALUES (20473, 'Trenton Fishburn');
INSERT INTO `regularuser3` VALUES (20474, 'Mirabel Mulhall');
INSERT INTO `regularuser3` VALUES (20475, 'Kay Salway');
INSERT INTO `regularuser3` VALUES (20476, 'Ali Shore');
INSERT INTO `regularuser3` VALUES (20477, 'Salmon Clayhill');
INSERT INTO `regularuser3` VALUES (20478, 'Elyse de Broke');
INSERT INTO `regularuser3` VALUES (20479, 'Kalie Bellows');
INSERT INTO `regularuser3` VALUES (20480, 'Edie Jelphs');
INSERT INTO `regularuser3` VALUES (20481, 'Jerald Romushkin');
INSERT INTO `regularuser3` VALUES (20482, 'Xenia Lovelace');
INSERT INTO `regularuser3` VALUES (20483, 'Agathe McNea');
INSERT INTO `regularuser3` VALUES (20484, 'Andrey Di Biagio');
INSERT INTO `regularuser3` VALUES (20485, 'Milt Furney');
INSERT INTO `regularuser3` VALUES (20486, 'Everett Rubenovic');
INSERT INTO `regularuser3` VALUES (20487, 'Orv Chaves');
INSERT INTO `regularuser3` VALUES (20488, 'Tabby Extall');
INSERT INTO `regularuser3` VALUES (20489, 'Heidie Memmory');
INSERT INTO `regularuser3` VALUES (20490, 'Rachel Carlett');
INSERT INTO `regularuser3` VALUES (20491, 'Shell Gowanlock');
INSERT INTO `regularuser3` VALUES (20492, 'Candra Woodfine');
INSERT INTO `regularuser3` VALUES (20493, 'Mada Dinsey');
INSERT INTO `regularuser3` VALUES (20494, 'Jillene Guise');
INSERT INTO `regularuser3` VALUES (20495, 'Fawne Aldiss');
INSERT INTO `regularuser3` VALUES (20496, 'Casper Cassel');
INSERT INTO `regularuser3` VALUES (20497, 'Ambrose Ruddin');
INSERT INTO `regularuser3` VALUES (20498, 'Lemar Pfaffel');
INSERT INTO `regularuser3` VALUES (20499, 'Vanni Cleaver');
INSERT INTO `regularuser3` VALUES (20500, 'Rubi Brechin');
INSERT INTO `regularuser3` VALUES (20501, 'Trace VanBrugh');
INSERT INTO `regularuser3` VALUES (20502, 'Evelina Showering');
INSERT INTO `regularuser3` VALUES (20503, 'Cristin Wherrett');
INSERT INTO `regularuser3` VALUES (20504, 'Vonnie Addis');
INSERT INTO `regularuser3` VALUES (20505, 'Jo Kitcat');
INSERT INTO `regularuser3` VALUES (20506, 'Jaquenetta Isac');
INSERT INTO `regularuser3` VALUES (20507, 'Ethe Wolfit');
INSERT INTO `regularuser3` VALUES (20508, 'Audrie Dyka');
INSERT INTO `regularuser3` VALUES (20509, 'Griffie Tipple');
INSERT INTO `regularuser3` VALUES (20510, 'Adoree Bunstone');
INSERT INTO `regularuser3` VALUES (20511, 'Dell Attenbrough');
INSERT INTO `regularuser3` VALUES (20512, 'Jamill Edgehill');
INSERT INTO `regularuser3` VALUES (20513, 'Ninon Buye');
INSERT INTO `regularuser3` VALUES (20514, 'Barr Osborn');
INSERT INTO `regularuser3` VALUES (20515, 'Hilliary Fuzzey');
INSERT INTO `regularuser3` VALUES (20516, 'Elfrida Botly');
INSERT INTO `regularuser3` VALUES (20517, 'Asia Bransby');
INSERT INTO `regularuser3` VALUES (20518, 'Scott Littlechild');
INSERT INTO `regularuser3` VALUES (20519, 'Denys Folonin');
INSERT INTO `regularuser3` VALUES (20520, 'Wilhelm Leeb');
INSERT INTO `regularuser3` VALUES (20521, 'Purcell De Minico');
INSERT INTO `regularuser3` VALUES (20522, 'Allistir McGrudder');
INSERT INTO `regularuser3` VALUES (20523, 'Belvia Toal');
INSERT INTO `regularuser3` VALUES (20524, 'Cully Blease');
INSERT INTO `regularuser3` VALUES (20525, 'Fayette Coy');
INSERT INTO `regularuser3` VALUES (20526, 'Rosetta Eborn');
INSERT INTO `regularuser3` VALUES (20527, 'Pierre Ockenden');
INSERT INTO `regularuser3` VALUES (20528, 'Vincenty Fenne');
INSERT INTO `regularuser3` VALUES (20529, 'Pauletta Maxwell');
INSERT INTO `regularuser3` VALUES (20530, 'Taddeo McNair');
INSERT INTO `regularuser3` VALUES (20531, 'Claude Jeeks');
INSERT INTO `regularuser3` VALUES (20532, 'Inglis Stiegers');
INSERT INTO `regularuser3` VALUES (20533, 'Iorgo Riep');
INSERT INTO `regularuser3` VALUES (20534, 'Francklyn Rickhuss');
INSERT INTO `regularuser3` VALUES (20535, 'Ricky Mumm');
INSERT INTO `regularuser3` VALUES (20536, 'Gilligan Grandisson');
INSERT INTO `regularuser3` VALUES (20537, 'Petronille Spadari');
INSERT INTO `regularuser3` VALUES (20538, 'Adriena Tookey');
INSERT INTO `regularuser3` VALUES (20539, 'Sasha Chetwynd');
INSERT INTO `regularuser3` VALUES (20540, 'Sarine Grenfell');
INSERT INTO `regularuser3` VALUES (20541, 'Edythe Ennion');
INSERT INTO `regularuser3` VALUES (20542, 'Filbert Joinsey');
INSERT INTO `regularuser3` VALUES (20543, 'Karol Takkos');
INSERT INTO `regularuser3` VALUES (20544, 'Ringo Digwood');
INSERT INTO `regularuser3` VALUES (20545, 'Brien McPhilemy');
INSERT INTO `regularuser3` VALUES (20546, 'Noellyn Pideon');
INSERT INTO `regularuser3` VALUES (20547, 'Betta Kezor');
INSERT INTO `regularuser3` VALUES (20548, 'Ulberto DeSousa');
INSERT INTO `regularuser3` VALUES (20549, 'Nicolais Popplestone');
INSERT INTO `regularuser3` VALUES (20550, 'Saw Dutchburn');
INSERT INTO `regularuser3` VALUES (20551, 'Corey Ayers');
INSERT INTO `regularuser3` VALUES (20552, 'Bride Stoker');
INSERT INTO `regularuser3` VALUES (20553, 'Gabriella Tixall');
INSERT INTO `regularuser3` VALUES (20554, 'Dominique Rissom');
INSERT INTO `regularuser3` VALUES (20555, 'Zondra Mattis');
INSERT INTO `regularuser3` VALUES (20556, 'Kaitlynn Folca');
INSERT INTO `regularuser3` VALUES (20557, 'Mamie Bartocci');
INSERT INTO `regularuser3` VALUES (20558, 'Gale Cowp');
INSERT INTO `regularuser3` VALUES (20559, 'Arleta Mohan');
INSERT INTO `regularuser3` VALUES (20560, 'Legra Doyle');
INSERT INTO `regularuser3` VALUES (20561, 'Giavani Grassett');
INSERT INTO `regularuser3` VALUES (20562, 'Vernon Mattusov');
INSERT INTO `regularuser3` VALUES (20563, 'Barb Blain');
INSERT INTO `regularuser3` VALUES (20564, 'Gorden Fazackerley');
INSERT INTO `regularuser3` VALUES (20565, 'Maud Di Angelo');
INSERT INTO `regularuser3` VALUES (20566, 'Beniamino Twinberrow');
INSERT INTO `regularuser3` VALUES (20567, 'Terri Shurlock');
INSERT INTO `regularuser3` VALUES (20568, 'Loren Martine');
INSERT INTO `regularuser3` VALUES (20569, 'Elberta Blundel');
INSERT INTO `regularuser3` VALUES (20570, 'Austin Cowndley');
INSERT INTO `regularuser3` VALUES (20571, 'Georgetta Skitterel');
INSERT INTO `regularuser3` VALUES (20572, 'Gregoire Down');
INSERT INTO `regularuser3` VALUES (20573, 'Chandal Coulman');
INSERT INTO `regularuser3` VALUES (20574, 'Annalee Espadas');
INSERT INTO `regularuser3` VALUES (20575, 'Jeralee Stoggell');
INSERT INTO `regularuser3` VALUES (20576, 'Row Danet');
INSERT INTO `regularuser3` VALUES (20577, 'Paulie Treske');
INSERT INTO `regularuser3` VALUES (20578, 'Laurella Lilian');
INSERT INTO `regularuser3` VALUES (20579, 'Benson Hembry');
INSERT INTO `regularuser3` VALUES (20580, 'Rosco Sedcole');
INSERT INTO `regularuser3` VALUES (20581, 'Lamond Beston');
INSERT INTO `regularuser3` VALUES (20582, 'Ebba Arzu');
INSERT INTO `regularuser3` VALUES (20583, 'Nicki Lavers');
INSERT INTO `regularuser3` VALUES (20584, 'Clerkclaude Filasov');
INSERT INTO `regularuser3` VALUES (20585, 'Elroy Huyton');
INSERT INTO `regularuser3` VALUES (20586, 'Abe Wilber');
INSERT INTO `regularuser3` VALUES (20587, 'Fran Meech');
INSERT INTO `regularuser3` VALUES (20588, 'Waring Reuven');
INSERT INTO `regularuser3` VALUES (20589, 'Manda Gatcliff');
INSERT INTO `regularuser3` VALUES (20590, 'Cleopatra Lindup');
INSERT INTO `regularuser3` VALUES (20591, 'Sonnie Goodbourn');
INSERT INTO `regularuser3` VALUES (20592, 'Danila Gerin');
INSERT INTO `regularuser3` VALUES (20593, 'Keven Bonick');
INSERT INTO `regularuser3` VALUES (20594, 'Kameko Terrelly');
INSERT INTO `regularuser3` VALUES (20595, 'Tasha Kryszka');
INSERT INTO `regularuser3` VALUES (20596, 'Demetris Deex');
INSERT INTO `regularuser3` VALUES (20597, 'Maynord Szymoni');
INSERT INTO `regularuser3` VALUES (20598, 'Delila Petrollo');
INSERT INTO `regularuser3` VALUES (20599, 'Konstantin Lucey');
INSERT INTO `regularuser3` VALUES (20600, 'Vonny Bulfield');
INSERT INTO `regularuser3` VALUES (20601, 'Anastasia Powder');
INSERT INTO `regularuser3` VALUES (20602, 'Malinde Josowitz');
INSERT INTO `regularuser3` VALUES (20603, 'Starr Newiss');
INSERT INTO `regularuser3` VALUES (20604, 'Wadsworth Plank');
INSERT INTO `regularuser3` VALUES (20605, 'Ermina Verner');
INSERT INTO `regularuser3` VALUES (20606, 'Anet Server');
INSERT INTO `regularuser3` VALUES (20607, 'Callie Sickamore');
INSERT INTO `regularuser3` VALUES (20608, 'Cordelie Yglesias');
INSERT INTO `regularuser3` VALUES (20609, 'Wheeler Pauls');
INSERT INTO `regularuser3` VALUES (20610, 'Pooh Finessy');
INSERT INTO `regularuser3` VALUES (20611, 'Edmund Mathelon');
INSERT INTO `regularuser3` VALUES (20612, 'Boniface Mathiasen');
INSERT INTO `regularuser3` VALUES (20613, 'Beret Brislawn');
INSERT INTO `regularuser3` VALUES (20614, 'Vladamir Domleo');
INSERT INTO `regularuser3` VALUES (20615, 'Minny Redley');
INSERT INTO `regularuser3` VALUES (20616, 'Dougy Hardcastle');
INSERT INTO `regularuser3` VALUES (20617, 'Rafferty Mantrip');
INSERT INTO `regularuser3` VALUES (20618, 'Colman Agastina');
INSERT INTO `regularuser3` VALUES (20619, 'Cordelia Fealty');
INSERT INTO `regularuser3` VALUES (20620, 'Terrell Attewell');
INSERT INTO `regularuser3` VALUES (20621, 'Jacqui Horribine');
INSERT INTO `regularuser3` VALUES (20622, 'Pooh Valett');
INSERT INTO `regularuser3` VALUES (20623, 'Sherry Thowes');
INSERT INTO `regularuser3` VALUES (20624, 'Mathew Baigent');
INSERT INTO `regularuser3` VALUES (20625, 'Donnell Halvosen');
INSERT INTO `regularuser3` VALUES (20626, 'Allen Robins');
INSERT INTO `regularuser3` VALUES (20627, 'Kelila Duncombe');
INSERT INTO `regularuser3` VALUES (20628, 'Currie Deegin');
INSERT INTO `regularuser3` VALUES (20629, 'Joella Luckett');
INSERT INTO `regularuser3` VALUES (20630, 'Isabelle Mandres');
INSERT INTO `regularuser3` VALUES (20631, 'Cher Kempshall');
INSERT INTO `regularuser3` VALUES (20632, 'Ginny Inglese');
INSERT INTO `regularuser3` VALUES (20633, 'Alexandros Nussgen');
INSERT INTO `regularuser3` VALUES (20634, 'Dorothee Slucock');
INSERT INTO `regularuser3` VALUES (20635, 'Benedikta Casa');
INSERT INTO `regularuser3` VALUES (20636, 'Rutter Wynch');
INSERT INTO `regularuser3` VALUES (20637, 'Bernadette Syvret');
INSERT INTO `regularuser3` VALUES (20638, 'Elihu Berling');
INSERT INTO `regularuser3` VALUES (20639, 'Harper Beany');
INSERT INTO `regularuser3` VALUES (20640, 'Devin Nigh');
INSERT INTO `regularuser3` VALUES (20641, 'Jacquelyn Dorrington');
INSERT INTO `regularuser3` VALUES (20642, 'Rupert Swett');
INSERT INTO `regularuser3` VALUES (20643, 'Bale Gallego');
INSERT INTO `regularuser3` VALUES (20644, 'Tallulah Lis');
INSERT INTO `regularuser3` VALUES (20645, 'Berte Ibert');
INSERT INTO `regularuser3` VALUES (20646, 'Evy Giorgiutti');
INSERT INTO `regularuser3` VALUES (20647, 'Chas Philpots');
INSERT INTO `regularuser3` VALUES (20648, 'Obed Lindstedt');
INSERT INTO `regularuser3` VALUES (20649, 'Torrin Folliss');
INSERT INTO `regularuser3` VALUES (20650, 'Herrick Algate');
INSERT INTO `regularuser3` VALUES (20651, 'Edgardo Else');
INSERT INTO `regularuser3` VALUES (20652, 'Elle Pauleit');
INSERT INTO `regularuser3` VALUES (20653, 'Davidson Tutill');
INSERT INTO `regularuser3` VALUES (20654, 'Nathanael Midghall');
INSERT INTO `regularuser3` VALUES (20655, 'Giffer Wathall');
INSERT INTO `regularuser3` VALUES (20656, 'Gretal Danett');
INSERT INTO `regularuser3` VALUES (20657, 'Duane Smallpiece');
INSERT INTO `regularuser3` VALUES (20658, 'Blanch Overbury');
INSERT INTO `regularuser3` VALUES (20659, 'Rochell Gravy');
INSERT INTO `regularuser3` VALUES (20660, 'Moll Barenskie');
INSERT INTO `regularuser3` VALUES (20661, 'Iseabal Souza');
INSERT INTO `regularuser3` VALUES (20662, 'Atlanta Geistmann');
INSERT INTO `regularuser3` VALUES (20663, 'Monty Watkin');
INSERT INTO `regularuser3` VALUES (20664, 'Walden Powland');
INSERT INTO `regularuser3` VALUES (20665, 'Jed Corneil');
INSERT INTO `regularuser3` VALUES (20666, 'Christie Szach');
INSERT INTO `regularuser3` VALUES (20667, 'Peterus Cowsby');
INSERT INTO `regularuser3` VALUES (20668, 'Iolande Zorer');
INSERT INTO `regularuser3` VALUES (20669, 'Thorsten Child');
INSERT INTO `regularuser3` VALUES (20670, 'Hendrika Skewes');
INSERT INTO `regularuser3` VALUES (20671, 'Alisa MacGibbon');
INSERT INTO `regularuser3` VALUES (20672, 'Amandi Simyson');
INSERT INTO `regularuser3` VALUES (20673, 'Madlen Spaight');
INSERT INTO `regularuser3` VALUES (20674, 'Essa Sheward');
INSERT INTO `regularuser3` VALUES (20675, 'Rudolfo Galvin');
INSERT INTO `regularuser3` VALUES (20676, 'Andreas Dukesbury');
INSERT INTO `regularuser3` VALUES (20677, 'Edith Barthrup');
INSERT INTO `regularuser3` VALUES (20678, 'Malchy Craghead');
INSERT INTO `regularuser3` VALUES (20679, 'Zane Cammis');
INSERT INTO `regularuser3` VALUES (20680, 'Sonja Peplow');
INSERT INTO `regularuser3` VALUES (20681, 'Roderich Stern');
INSERT INTO `regularuser3` VALUES (20682, 'Melamie Jain');
INSERT INTO `regularuser3` VALUES (20683, 'Zuzana Silverwood');
INSERT INTO `regularuser3` VALUES (20684, 'Dara Freeberne');
INSERT INTO `regularuser3` VALUES (20685, 'Eliot Barthropp');
INSERT INTO `regularuser3` VALUES (20686, 'Jayme Giff');
INSERT INTO `regularuser3` VALUES (20687, 'Dinny Hernik');
INSERT INTO `regularuser3` VALUES (20688, 'Mar Stenning');
INSERT INTO `regularuser3` VALUES (20689, 'Ilario Parzizek');
INSERT INTO `regularuser3` VALUES (20690, 'Blinnie Elderton');
INSERT INTO `regularuser3` VALUES (20691, 'Nadine Hurdiss');
INSERT INTO `regularuser3` VALUES (20692, 'Malva Casseldine');
INSERT INTO `regularuser3` VALUES (20693, 'Nicoli Pezey');
INSERT INTO `regularuser3` VALUES (20694, 'Nariko Willoughley');
INSERT INTO `regularuser3` VALUES (20695, 'Tybi Brack');
INSERT INTO `regularuser3` VALUES (20696, 'Brandice Bridywater');
INSERT INTO `regularuser3` VALUES (20697, 'Leslie Perl');
INSERT INTO `regularuser3` VALUES (20698, 'Veda Corney');
INSERT INTO `regularuser3` VALUES (20699, 'Kizzie Twelftree');
INSERT INTO `regularuser3` VALUES (20700, 'Randy Clue');
INSERT INTO `regularuser3` VALUES (20701, 'Joshuah Shilburne');
INSERT INTO `regularuser3` VALUES (20702, 'Emmit Howman');
INSERT INTO `regularuser3` VALUES (20703, 'Tremain McGloughlin');
INSERT INTO `regularuser3` VALUES (20704, 'Florry Arnefield');
INSERT INTO `regularuser3` VALUES (20705, 'Boote Ridsdole');
INSERT INTO `regularuser3` VALUES (20706, 'Marga Gartell');
INSERT INTO `regularuser3` VALUES (20707, 'Joachim Alejo');
INSERT INTO `regularuser3` VALUES (20708, 'Marja Caygill');
INSERT INTO `regularuser3` VALUES (20709, 'Horton Indruch');
INSERT INTO `regularuser3` VALUES (20710, 'Mariquilla Belsham');
INSERT INTO `regularuser3` VALUES (20711, 'Vidovic Sugge');
INSERT INTO `regularuser3` VALUES (20712, 'Allayne Orbine');
INSERT INTO `regularuser3` VALUES (20713, 'Lonna De Biaggi');
INSERT INTO `regularuser3` VALUES (20714, 'Dory Tripp');
INSERT INTO `regularuser3` VALUES (20715, 'Delcine Clemmen');
INSERT INTO `regularuser3` VALUES (20716, 'Nathanil Palley');
INSERT INTO `regularuser3` VALUES (20717, 'Lexy Maris');
INSERT INTO `regularuser3` VALUES (20718, 'Dorisa Delafoy');
INSERT INTO `regularuser3` VALUES (20719, 'Brynne Carff');
INSERT INTO `regularuser3` VALUES (20720, 'Anica Kunz');
INSERT INTO `regularuser3` VALUES (20721, 'Thatcher Dumphrey');
INSERT INTO `regularuser3` VALUES (20722, 'Ginger Nystrom');
INSERT INTO `regularuser3` VALUES (20723, 'Sara-ann Rowen');
INSERT INTO `regularuser3` VALUES (20724, 'Jarib Tibbotts');
INSERT INTO `regularuser3` VALUES (20725, 'Bren Craigs');
INSERT INTO `regularuser3` VALUES (20726, 'Norrie Mellor');
INSERT INTO `regularuser3` VALUES (20727, 'Normie Hains');
INSERT INTO `regularuser3` VALUES (20728, 'Amandi Beckinsale');
INSERT INTO `regularuser3` VALUES (20729, 'Herby Boxell');
INSERT INTO `regularuser3` VALUES (20730, 'Adolphus Pabst');
INSERT INTO `regularuser3` VALUES (20731, 'Olly Shills');
INSERT INTO `regularuser3` VALUES (20732, 'Vivyanne Rookledge');
INSERT INTO `regularuser3` VALUES (20733, 'Forrester Dymott');
INSERT INTO `regularuser3` VALUES (20734, 'Doris Alexsandrov');
INSERT INTO `regularuser3` VALUES (20735, 'Sonnie Orniz');
INSERT INTO `regularuser3` VALUES (20736, 'Estel Adderley');
INSERT INTO `regularuser3` VALUES (20737, 'Heddie Klinck');
INSERT INTO `regularuser3` VALUES (20738, 'Sig Blackesland');
INSERT INTO `regularuser3` VALUES (20739, 'Angelina Sawkin');
INSERT INTO `regularuser3` VALUES (20740, 'Verena Krause');
INSERT INTO `regularuser3` VALUES (20741, 'Tiffani Skews');
INSERT INTO `regularuser3` VALUES (20742, 'Aldric Larder');
INSERT INTO `regularuser3` VALUES (20743, 'Poul Petters');
INSERT INTO `regularuser3` VALUES (20744, 'Adey Ellacombe');
INSERT INTO `regularuser3` VALUES (20745, 'Maighdiln Delhay');
INSERT INTO `regularuser3` VALUES (20746, 'Salli Doore');
INSERT INTO `regularuser3` VALUES (20747, 'Loise Janczyk');
INSERT INTO `regularuser3` VALUES (20748, 'Shem Esilmon');
INSERT INTO `regularuser3` VALUES (20749, 'Alexandros Tarburn');
INSERT INTO `regularuser3` VALUES (20750, 'Kaylyn Askaw');
INSERT INTO `regularuser3` VALUES (20751, 'Brooks Clayworth');
INSERT INTO `regularuser3` VALUES (20752, 'Alix Dreus');
INSERT INTO `regularuser3` VALUES (20753, 'Isabelita Miskelly');
INSERT INTO `regularuser3` VALUES (20754, 'Lizzie Hoyles');
INSERT INTO `regularuser3` VALUES (20755, 'Akim Elphick');
INSERT INTO `regularuser3` VALUES (20756, 'Gene Nassau');
INSERT INTO `regularuser3` VALUES (20757, 'Lucila Werrit');
INSERT INTO `regularuser3` VALUES (20758, 'Kennie Kellert');
INSERT INTO `regularuser3` VALUES (20759, 'Henryetta Whitfeld');
INSERT INTO `regularuser3` VALUES (20760, 'Valida Dady');
INSERT INTO `regularuser3` VALUES (20761, 'Robbyn Simmons');
INSERT INTO `regularuser3` VALUES (20762, 'Iggy Itzkowicz');
INSERT INTO `regularuser3` VALUES (20763, 'Philippe Consterdine');
INSERT INTO `regularuser3` VALUES (20764, 'Peggi Lund');
INSERT INTO `regularuser3` VALUES (20765, 'Edd Cheevers');
INSERT INTO `regularuser3` VALUES (20766, 'Myranda Iffland');
INSERT INTO `regularuser3` VALUES (20767, 'Ave Roney');
INSERT INTO `regularuser3` VALUES (20768, 'Candide Ivannikov');
INSERT INTO `regularuser3` VALUES (20769, 'Tedd Syrie');
INSERT INTO `regularuser3` VALUES (20770, 'Joye Arno');
INSERT INTO `regularuser3` VALUES (20771, 'Rodie Tanswill');
INSERT INTO `regularuser3` VALUES (20772, 'Sigfried Whartonby');
INSERT INTO `regularuser3` VALUES (20773, 'Madge McGuinley');
INSERT INTO `regularuser3` VALUES (20774, 'Lucina Quirke');
INSERT INTO `regularuser3` VALUES (20775, 'Alford Scothron');
INSERT INTO `regularuser3` VALUES (20776, 'Marge Vernazza');
INSERT INTO `regularuser3` VALUES (20777, 'Ab Pelling');
INSERT INTO `regularuser3` VALUES (20778, 'Simonette Blackwell');
INSERT INTO `regularuser3` VALUES (20779, 'Dorene Featherston');
INSERT INTO `regularuser3` VALUES (20780, 'Oswald Staning');
INSERT INTO `regularuser3` VALUES (20781, 'Jemie Fansy');
INSERT INTO `regularuser3` VALUES (20782, 'Elfreda Gascoyne');
INSERT INTO `regularuser3` VALUES (20783, 'Corrine St Ledger');
INSERT INTO `regularuser3` VALUES (20784, 'Godfrey Stendell');
INSERT INTO `regularuser3` VALUES (20785, 'Zebedee Gorce');
INSERT INTO `regularuser3` VALUES (20786, 'Stephi Winsborrow');
INSERT INTO `regularuser3` VALUES (20787, 'Nat Lisciardelli');
INSERT INTO `regularuser3` VALUES (20788, 'Amaleta Digweed');
INSERT INTO `regularuser3` VALUES (20789, 'Celesta Machen');
INSERT INTO `regularuser3` VALUES (20790, 'Cori Dwane');
INSERT INTO `regularuser3` VALUES (20791, 'Stevy Phlipon');
INSERT INTO `regularuser3` VALUES (20792, 'Sandie Seabourne');
INSERT INTO `regularuser3` VALUES (20793, 'Magdalene Worsnip');
INSERT INTO `regularuser3` VALUES (20794, 'Leola Abbiss');
INSERT INTO `regularuser3` VALUES (20795, 'Henriette Plaister');
INSERT INTO `regularuser3` VALUES (20796, 'Marlo Medd');
INSERT INTO `regularuser3` VALUES (20797, 'Hope Bowton');
INSERT INTO `regularuser3` VALUES (20798, 'Hermia Huthart');
INSERT INTO `regularuser3` VALUES (20799, 'Blinni Mulderrig');
INSERT INTO `regularuser3` VALUES (20800, 'Coop Maylor');
INSERT INTO `regularuser3` VALUES (20801, 'Stan Bridgen');
INSERT INTO `regularuser3` VALUES (20802, 'Erina McEntee');
INSERT INTO `regularuser3` VALUES (20803, 'Laurice Raye');
INSERT INTO `regularuser3` VALUES (20804, 'Tallie Balleine');
INSERT INTO `regularuser3` VALUES (20805, 'Sam Runnalls');
INSERT INTO `regularuser3` VALUES (20806, 'Callean de Courcy');
INSERT INTO `regularuser3` VALUES (20807, 'Elwyn Jonuzi');
INSERT INTO `regularuser3` VALUES (20808, 'Sherye Haliday');
INSERT INTO `regularuser3` VALUES (20809, 'Leonie McKinney');
INSERT INTO `regularuser3` VALUES (20810, 'Nannette Roddy');
INSERT INTO `regularuser3` VALUES (20811, 'Dania Tongue');
INSERT INTO `regularuser3` VALUES (20812, 'Cloe Harvatt');
INSERT INTO `regularuser3` VALUES (20813, 'Laryssa Golsby');
INSERT INTO `regularuser3` VALUES (20814, 'Valina Gon');
INSERT INTO `regularuser3` VALUES (20815, 'Greta Dibdale');
INSERT INTO `regularuser3` VALUES (20816, 'Curt Leale');
INSERT INTO `regularuser3` VALUES (20817, 'Ganny Adkins');
INSERT INTO `regularuser3` VALUES (20818, 'Juliane Gyver');
INSERT INTO `regularuser3` VALUES (20819, 'Noelle Lacroutz');
INSERT INTO `regularuser3` VALUES (20820, 'Augy Umpleby');
INSERT INTO `regularuser3` VALUES (20821, 'Kerstin Townby');
INSERT INTO `regularuser3` VALUES (20822, 'Waldemar Antos');
INSERT INTO `regularuser3` VALUES (20823, 'Lonni Huddleston');
INSERT INTO `regularuser3` VALUES (20824, 'Read Giannini');
INSERT INTO `regularuser3` VALUES (20825, 'Lizzie Mawson');
INSERT INTO `regularuser3` VALUES (20826, 'Rahel Izchaki');
INSERT INTO `regularuser3` VALUES (20827, 'Myrtle Elsop');
INSERT INTO `regularuser3` VALUES (20828, 'Merry Ghent');
INSERT INTO `regularuser3` VALUES (20829, 'Wanda McEntegart');
INSERT INTO `regularuser3` VALUES (20830, 'Si Mardling');
INSERT INTO `regularuser3` VALUES (20831, 'Morry Olivari');
INSERT INTO `regularuser3` VALUES (20832, 'Brana Fuzzey');
INSERT INTO `regularuser3` VALUES (20833, 'Isidora Wykey');
INSERT INTO `regularuser3` VALUES (20834, 'Kim Weavill');
INSERT INTO `regularuser3` VALUES (20835, 'Allys Turford');
INSERT INTO `regularuser3` VALUES (20836, 'Windham Carlozzi');
INSERT INTO `regularuser3` VALUES (20837, 'Caritta O Neal');
INSERT INTO `regularuser3` VALUES (20838, 'Fay Copner');
INSERT INTO `regularuser3` VALUES (20839, 'Michel Millwater');
INSERT INTO `regularuser3` VALUES (20840, 'Sheree Hillett');
INSERT INTO `regularuser3` VALUES (20841, 'Mair Abyss');
INSERT INTO `regularuser3` VALUES (20842, 'Elden Aloway');
INSERT INTO `regularuser3` VALUES (20843, 'Alberik Paulou');
INSERT INTO `regularuser3` VALUES (20844, 'Cissy Blundon');
INSERT INTO `regularuser3` VALUES (20845, 'Milly Welland');
INSERT INTO `regularuser3` VALUES (20846, 'Brit Kunisch');
INSERT INTO `regularuser3` VALUES (20847, 'Delmer Brundrett');
INSERT INTO `regularuser3` VALUES (20848, 'Kate Yoell');
INSERT INTO `regularuser3` VALUES (20849, 'Harlene Sulman');
INSERT INTO `regularuser3` VALUES (20850, 'Ernesta Gawne');
INSERT INTO `regularuser3` VALUES (20851, 'Tulley Keemar');
INSERT INTO `regularuser3` VALUES (20852, 'Vin Annandale');
INSERT INTO `regularuser3` VALUES (20853, 'Andie Gribbin');
INSERT INTO `regularuser3` VALUES (20854, 'Mirabel MacMillan');
INSERT INTO `regularuser3` VALUES (20855, 'Even Keyte');
INSERT INTO `regularuser3` VALUES (20856, 'Bertha Mizen');
INSERT INTO `regularuser3` VALUES (20857, 'Roseanna Trobe');
INSERT INTO `regularuser3` VALUES (20858, 'Arie Skirling');
INSERT INTO `regularuser3` VALUES (20859, 'Maye Lukasik');
INSERT INTO `regularuser3` VALUES (20860, 'Reggy Ohms');
INSERT INTO `regularuser3` VALUES (20861, 'Alaric Davidson');
INSERT INTO `regularuser3` VALUES (20862, 'Sonnnie Dummer');
INSERT INTO `regularuser3` VALUES (20863, 'Stepha Larrosa');
INSERT INTO `regularuser3` VALUES (20864, 'Creight Twigger');
INSERT INTO `regularuser3` VALUES (20865, 'Marni Barniss');
INSERT INTO `regularuser3` VALUES (20866, 'Caspar Matthaus');
INSERT INTO `regularuser3` VALUES (20867, 'Upton Wakely');
INSERT INTO `regularuser3` VALUES (20868, 'Ginnifer Tyler');
INSERT INTO `regularuser3` VALUES (20869, 'Shalom Huison');
INSERT INTO `regularuser3` VALUES (20870, 'Alexander Bartoszewicz');
INSERT INTO `regularuser3` VALUES (20871, 'Victoir McFall');
INSERT INTO `regularuser3` VALUES (20872, 'Fifine Cage');
INSERT INTO `regularuser3` VALUES (20873, 'Roxi Kerbey');
INSERT INTO `regularuser3` VALUES (20874, 'Frants Mattea');
INSERT INTO `regularuser3` VALUES (20875, 'Joletta Zanetello');
INSERT INTO `regularuser3` VALUES (20876, 'Thayne Henze');
INSERT INTO `regularuser3` VALUES (20877, 'Johna Bortolomei');
INSERT INTO `regularuser3` VALUES (20878, 'Alissa Ruffell');
INSERT INTO `regularuser3` VALUES (20879, 'Zaneta Tomney');
INSERT INTO `regularuser3` VALUES (20880, 'Stinky Bentsen');
INSERT INTO `regularuser3` VALUES (20881, 'Timmi Millom');
INSERT INTO `regularuser3` VALUES (20882, 'Darla Sennett');
INSERT INTO `regularuser3` VALUES (20883, 'Carri Leyband');
INSERT INTO `regularuser3` VALUES (20884, 'Clareta Trolley');
INSERT INTO `regularuser3` VALUES (20885, 'Al Ogley');
INSERT INTO `regularuser3` VALUES (20886, 'Horatio Kilpin');
INSERT INTO `regularuser3` VALUES (20887, 'Illa MacCrann');
INSERT INTO `regularuser3` VALUES (20888, 'Elle McArd');
INSERT INTO `regularuser3` VALUES (20889, 'Carlin Kehri');
INSERT INTO `regularuser3` VALUES (20890, 'Katee Wroath');
INSERT INTO `regularuser3` VALUES (20891, 'Lou Tantrum');
INSERT INTO `regularuser3` VALUES (20892, 'Rickie Killigrew');
INSERT INTO `regularuser3` VALUES (20893, 'Tish Thieme');
INSERT INTO `regularuser3` VALUES (20894, 'Ruperta Shakespear');
INSERT INTO `regularuser3` VALUES (20895, 'Grange Dubock');
INSERT INTO `regularuser3` VALUES (20896, 'Othello Totman');
INSERT INTO `regularuser3` VALUES (20897, 'Elinor Lawrenson');
INSERT INTO `regularuser3` VALUES (20898, 'Madeline Livingston');
INSERT INTO `regularuser3` VALUES (20899, 'Susi Woodberry');
INSERT INTO `regularuser3` VALUES (20900, 'Juliane Wanley');
INSERT INTO `regularuser3` VALUES (20901, 'Kienan Bertlin');
INSERT INTO `regularuser3` VALUES (20902, 'Cello Onion');
INSERT INTO `regularuser3` VALUES (20903, 'Bjorn Cruz');
INSERT INTO `regularuser3` VALUES (20904, 'Lilith Klimentyev');
INSERT INTO `regularuser3` VALUES (20905, 'Selestina Alsford');
INSERT INTO `regularuser3` VALUES (20906, 'Ronnie Bengtsson');
INSERT INTO `regularuser3` VALUES (20907, 'Hesther De Francesco');
INSERT INTO `regularuser3` VALUES (20908, 'Tatiana Lello');
INSERT INTO `regularuser3` VALUES (20909, 'Langsdon Raw');
INSERT INTO `regularuser3` VALUES (20910, 'Caritta Capper');
INSERT INTO `regularuser3` VALUES (20911, 'Marcello Killik');
INSERT INTO `regularuser3` VALUES (20912, 'Kelbee Kimbell');
INSERT INTO `regularuser3` VALUES (20913, 'Warner Gooble');
INSERT INTO `regularuser3` VALUES (20914, 'Tonye Heffy');
INSERT INTO `regularuser3` VALUES (20915, 'Coop Godly');
INSERT INTO `regularuser3` VALUES (20916, 'Marylinda Riggeard');
INSERT INTO `regularuser3` VALUES (20917, 'Brewster Coulthurst');
INSERT INTO `regularuser3` VALUES (20918, 'Alvin Matyukon');
INSERT INTO `regularuser3` VALUES (20919, 'Karylin Youster');
INSERT INTO `regularuser3` VALUES (20920, 'Kennan Tweed');
INSERT INTO `regularuser3` VALUES (20921, 'Grover Hargess');
INSERT INTO `regularuser3` VALUES (20922, 'Cecilla Windle');
INSERT INTO `regularuser3` VALUES (20923, 'Bradney McCaster');
INSERT INTO `regularuser3` VALUES (20924, 'Ashley Ehrat');
INSERT INTO `regularuser3` VALUES (20925, 'Base Lagne');
INSERT INTO `regularuser3` VALUES (20926, 'Aigneis Duffrie');
INSERT INTO `regularuser3` VALUES (20927, 'Juliane MacCook');
INSERT INTO `regularuser3` VALUES (20928, 'Papagena Skewes');
INSERT INTO `regularuser3` VALUES (20929, 'Barnabas Fletcher');
INSERT INTO `regularuser3` VALUES (20930, 'Pammy Baldacco');
INSERT INTO `regularuser3` VALUES (20931, 'Jessika Treneman');
INSERT INTO `regularuser3` VALUES (20932, 'Cate Toma');
INSERT INTO `regularuser3` VALUES (20933, 'Lucky Barthorpe');
INSERT INTO `regularuser3` VALUES (20934, 'Liliane Letterick');
INSERT INTO `regularuser3` VALUES (20935, 'Valery Frandsen');
INSERT INTO `regularuser3` VALUES (20936, 'Deidre Shrimplin');
INSERT INTO `regularuser3` VALUES (20937, 'Katrinka Comberbach');
INSERT INTO `regularuser3` VALUES (20938, 'Nathalia de-Ancy Willis');
INSERT INTO `regularuser3` VALUES (20939, 'Mikkel Alibone');
INSERT INTO `regularuser3` VALUES (20940, 'Pamelina Drinan');
INSERT INTO `regularuser3` VALUES (20941, 'Kristel Disdel');
INSERT INTO `regularuser3` VALUES (20942, 'Mariel Di Antonio');
INSERT INTO `regularuser3` VALUES (20943, 'Even Rennox');
INSERT INTO `regularuser3` VALUES (20944, 'Vic Isworth');
INSERT INTO `regularuser3` VALUES (20945, 'Lizabeth Crame');
INSERT INTO `regularuser3` VALUES (20946, 'Jerrie Eacott');
INSERT INTO `regularuser3` VALUES (20947, 'Linell Doyle');
INSERT INTO `regularuser3` VALUES (20948, 'Christan McNab');
INSERT INTO `regularuser3` VALUES (20949, 'Brade Riccio');
INSERT INTO `regularuser3` VALUES (20950, 'Cristionna McCarrell');
INSERT INTO `regularuser3` VALUES (20951, 'Kev Broggetti');
INSERT INTO `regularuser3` VALUES (20952, 'Silvie Walework');
INSERT INTO `regularuser3` VALUES (20953, 'Andeee McCoughan');
INSERT INTO `regularuser3` VALUES (20954, 'Shandee Harverson');
INSERT INTO `regularuser3` VALUES (20955, 'Danna Nemchinov');
INSERT INTO `regularuser3` VALUES (20956, 'Mattias Dobrovolny');
INSERT INTO `regularuser3` VALUES (20957, 'Kikelia Merington');
INSERT INTO `regularuser3` VALUES (20958, 'Burlie Oates');
INSERT INTO `regularuser3` VALUES (20959, 'Kendall McLeish');
INSERT INTO `regularuser3` VALUES (20960, 'Giana Lumsdon');
INSERT INTO `regularuser3` VALUES (20961, 'Gerhard Keaveney');
INSERT INTO `regularuser3` VALUES (20962, 'Valery Moulin');
INSERT INTO `regularuser3` VALUES (20963, 'Mason Haston');
INSERT INTO `regularuser3` VALUES (20964, 'Tisha Vaune');
INSERT INTO `regularuser3` VALUES (20965, 'Donica Seiler');
INSERT INTO `regularuser3` VALUES (20966, 'Bonnee Cressey');
INSERT INTO `regularuser3` VALUES (20967, 'Phylys Nozzolii');
INSERT INTO `regularuser3` VALUES (20968, 'Sherie Reddie');
INSERT INTO `regularuser3` VALUES (20969, 'Galvin Spurret');
INSERT INTO `regularuser3` VALUES (20970, 'Wiley Mc Gee');
INSERT INTO `regularuser3` VALUES (20971, 'Beilul Malley');
INSERT INTO `regularuser3` VALUES (20972, 'Desmund Ogger');
INSERT INTO `regularuser3` VALUES (20973, 'Tabbie Proudlove');
INSERT INTO `regularuser3` VALUES (20974, 'Everett Winslet');
INSERT INTO `regularuser3` VALUES (20975, 'Dwain Giacopello');
INSERT INTO `regularuser3` VALUES (20976, 'Hillary Tulip');
INSERT INTO `regularuser3` VALUES (20977, 'Nicola Layhe');
INSERT INTO `regularuser3` VALUES (20978, 'Golda Eles');
INSERT INTO `regularuser3` VALUES (20979, 'Otes Hammond');
INSERT INTO `regularuser3` VALUES (20980, 'Dimitry Rolls');
INSERT INTO `regularuser3` VALUES (20981, 'Katharyn Dodworth');
INSERT INTO `regularuser3` VALUES (20982, 'Carolyne Plak');
INSERT INTO `regularuser3` VALUES (20983, 'Erin Simmonds');
INSERT INTO `regularuser3` VALUES (20984, 'Niels Pavlitschek');
INSERT INTO `regularuser3` VALUES (20985, 'Vicky Antunez');
INSERT INTO `regularuser3` VALUES (20986, 'Fidole Migheli');
INSERT INTO `regularuser3` VALUES (20987, 'Jessa Paszek');
INSERT INTO `regularuser3` VALUES (20988, 'Zacharias De la Yglesias');
INSERT INTO `regularuser3` VALUES (20989, 'Rock Belitz');
INSERT INTO `regularuser3` VALUES (20990, 'Flin Woolfall');
INSERT INTO `regularuser3` VALUES (20991, 'Zed Dickings');
INSERT INTO `regularuser3` VALUES (20992, 'Broddie Keepence');
INSERT INTO `regularuser3` VALUES (20993, 'Brok McVity');
INSERT INTO `regularuser3` VALUES (20994, 'Monika Launchbury');
INSERT INTO `regularuser3` VALUES (20995, 'Bamby Totton');
INSERT INTO `regularuser3` VALUES (20996, 'Aurea Headford');
INSERT INTO `regularuser3` VALUES (20997, 'Rouvin Rontree');
INSERT INTO `regularuser3` VALUES (20998, 'Lennie Guerin');
INSERT INTO `regularuser3` VALUES (20999, 'Lauraine Statersfield');
INSERT INTO `regularuser3` VALUES (21000, 'Madella Edmeads');
INSERT INTO `regularuser3` VALUES (6667, 'John Wick');

INSERT INTO `ticket` VALUES (123123, 80);
INSERT INTO `ticket` VALUES (123124, 20);
INSERT INTO `ticket` VALUES (123125, 40);
INSERT INTO `ticket` VALUES (123126, 20);
INSERT INTO `ticket` VALUES (123127, 100);
INSERT INTO `ticket` VALUES (123129, 70);
INSERT INTO `ticket` VALUES (123130, 100);
INSERT INTO `ticket` VALUES (123131, 110);
INSERT INTO `ticket` VALUES (123132, 120);
INSERT INTO `ticket` VALUES (123133, 100);
INSERT INTO `ticket` VALUES (123431, 70);
INSERT INTO `ticket` VALUES (323443, 75);
INSERT INTO `ticket` VALUES (323444, 76);
INSERT INTO `ticket` VALUES (323445, 77);
INSERT INTO `ticket` VALUES (323446, 78);
INSERT INTO `ticket` VALUES (323447, 79);
INSERT INTO `ticket` VALUES (323448, 80);
INSERT INTO `ticket` VALUES (341231, 400);

INSERT INTO `ticketvendor1` VALUES ('TicketMaster', '1344 Marigold Lane', 'ticketmaster@ticketmaster.com');
INSERT INTO `ticketvendor1` VALUES ('SeatGeek', '660 Austin Secret Lane', 'seatgeek@seatgeek.com');
INSERT INTO `ticketvendor1` VALUES ('Ultimate Ticket Seller', '1253 Blair Court', 'theultimateticketseller@theultimate.ca');
INSERT INTO `ticketvendor1` VALUES ('StubHub', '2844 Lynch Street', 'stubhub@stubhub.com');
INSERT INTO `ticketvendor1` VALUES ('TicketCity', '3046 Carolina Avenue', 'ticketcity@ticketcity,com');

INSERT INTO `ticketvendor2` VALUES (2134, 'TicketMaster', '1344 Marigold Lane');
INSERT INTO `ticketvendor2` VALUES (4533, 'SeatGeek', '660 Austin Secret Lane');
INSERT INTO `ticketvendor2` VALUES (5465, 'Ultimate Ticket Seller', '1253 Blair Court');
INSERT INTO `ticketvendor2` VALUES (3534, 'StubHub', '2844 Lynch Street');
INSERT INTO `ticketvendor2` VALUES (7656, 'TicketCity', '3046 Carolina Avenue');

INSERT INTO `bookedat` VALUES (4576, 4829);
INSERT INTO `bookedat` VALUES (3077, 1230);
INSERT INTO `bookedat` VALUES (4089, 4205);
INSERT INTO `bookedat` VALUES (2412, 4530);
INSERT INTO `bookedat` VALUES (1024, 8923);

INSERT INTO `performsat` VALUES (4576, 3489);
INSERT INTO `performsat` VALUES (3077, 2392);
INSERT INTO `performsat` VALUES (4089, 1254);
INSERT INTO `performsat` VALUES (2412, 4223);
INSERT INTO `performsat` VALUES (1024, 4223);
INSERT INTO `performsat` VALUES (1024, 3489);
INSERT INTO `performsat` VALUES (1024, 2392);
INSERT INTO `performsat` VALUES (1024, 1254);
INSERT INTO `performsat` VALUES (1024, 6782);

INSERT INTO `iscategory` VALUES (4576, 'Social');
INSERT INTO `iscategory` VALUES (3077, 'Athletics');
INSERT INTO `iscategory` VALUES (4089, 'Academic');
INSERT INTO `iscategory` VALUES (2412, 'Food');
INSERT INTO `iscategory` VALUES (1024, 'Film');

INSERT INTO `isfor` VALUES (4576, 123123);
INSERT INTO `isfor` VALUES (3077, 123124);
INSERT INTO `isfor` VALUES (4089, 123125);
INSERT INTO `isfor` VALUES (2412, 123126);
INSERT INTO `isfor` VALUES (4089, 123127);
INSERT INTO `isfor` VALUES (3077, 123129);
INSERT INTO `isfor` VALUES (4576, 123130);
INSERT INTO `isfor` VALUES (3077, 123131);
INSERT INTO `isfor` VALUES (4089, 123132);
INSERT INTO `isfor` VALUES (1024, 123133);
INSERT INTO `isfor` VALUES (4576, 123431);
INSERT INTO `isfor` VALUES (4576, 323443);
INSERT INTO `isfor` VALUES (1024, 323444);
INSERT INTO `isfor` VALUES (1024, 323445);
INSERT INTO `isfor` VALUES (1024, 323446);
INSERT INTO `isfor` VALUES (1024, 323447);
INSERT INTO `isfor` VALUES (1024, 323448);
INSERT INTO `isfor` VALUES (1024, 341231);

INSERT INTO `purchased` VALUES (2344, 123123);
INSERT INTO `purchased` VALUES (4345, 123124);
INSERT INTO `purchased` VALUES (5645, 123125);
INSERT INTO `purchased` VALUES (3252, 123126);
INSERT INTO `purchased` VALUES (3252, 123130);
INSERT INTO `purchased` VALUES (3252, 123131);
INSERT INTO `purchased` VALUES (3252, 123132);
INSERT INTO `purchased` VALUES (3252, 123133);
INSERT INTO `purchased` VALUES (6667, 341231);

INSERT INTO `sells` VALUES (2134, 123123);
INSERT INTO `sells` VALUES (4533, 123124);
INSERT INTO `sells` VALUES (5465, 123125);
INSERT INTO `sells` VALUES (3534, 123126);
INSERT INTO `sells` VALUES (3534, 123127);
INSERT INTO `sells` VALUES (3534, 123129);
INSERT INTO `sells` VALUES (3534, 123130);
INSERT INTO `sells` VALUES (5465, 123131);
INSERT INTO `sells` VALUES (2134, 123132);
INSERT INTO `sells` VALUES (3534, 123133);
INSERT INTO `sells` VALUES (7656, 123431);
INSERT INTO `sells` VALUES (7656, 323443);
INSERT INTO `sells` VALUES (7656, 323444);
INSERT INTO `sells` VALUES (7656, 323445);
INSERT INTO `sells` VALUES (3534, 323446);
INSERT INTO `sells` VALUES (3534, 323447);
INSERT INTO `sells` VALUES (3534, 323448);
INSERT INTO `sells` VALUES (7656, 341231);